Year,AD,AE,AF,AG,AL,AM,AO,AR,AS,AT,AU,AZ,BA,BB,BD,BE,BF,BG,BH,BI,BJ,BM,BN,BO,BR,BS,BT,BW,BY,BZ,CA,CD,CF,CG,CH,CI,CK,CL,CM,CN,CO,CR,CU,CV,CY,CZ,DE,DJ,DK,DM,DO,DZ,EC,EE,EG,ER,ES,ET,FI,FJ,FM,FR,GA,GB,GD,GE,GH,GL,GM,GN,GQ,GR,GT,GU,GW,GY,HN,HR,HT,HU,ID,IE,IL,IN,IQ,IR,IS,IT,JM,JO,JP,KE,KG,KH,KI,KM,KN,KP,KR,KW,KZ,LA,LB,LC,LK,LR,LS,LT,LU,LV,LY,MA,MC,MD,ME,MG,MH,MK,ML,MM,MN,MP,MR,MT,MU,MV,MW,MX,MY,MZ,,NE,NG,NI,NL,NO,NP,NR,NU,NZ,OM,PA,PE,PG,PH,PK,PL,PR,PS,PT,PW,PY,QA,RO,RS,RU,RW,SA,SB,SC,SD,SE,SG,SI,SK,SL,SM,SN,SO,SR,SS,ST,SV,SY,SZ,TD,TG,TH,TJ,TK,TL,TM,TN,TO,TR,TT,TV,TW,TZ,UA,UG,US,UY,UZ,VC,VE,VI,VN,VU,WS,YE,ZA,ZM,ZW
1990,0.0,0.0,876045.9045735504,0.0,0.0,0.0,3342764.5950481063,1659.9871899046627,0.0,0.0,0.0,154.15995853898193,0.0,0.0,1369509.927619954,0.0,5799236.484953318,0.0,0.0,2622990.2381340666,2190382.590514373,0.0,0.0,142903.4814455323,2154264.4679103,0.0,632603.8987479131,828.7751337567881,0.0,14747.802363275145,0.0,18124659.393401988,1176754.2844010894,856318.7975784465,0.0,6512221.382111909,0.0,0.0,4524594.392485632,292386.92361412523,324088.3150767663,2772.140249558699,0.0,5.692122522074604,0.0,0.0,0.0,13576.738630931972,0.0,0.0,1201.0043975282078,2280.462198367916,189389.591632376,0.0,0.0,71958.00093422548,0.0,1009435.8494456596,0.0,0.0,0.0,0.0,332810.7815288236,0.0,0.0,0.0,7219793.716974673,0.0,149630.13846107305,2746196.894139806,136547.5865381933,0.0,179084.08372288998,0.0,425729.64808219153,106870.18998878538,155768.8257716559,0.0,58362.63822548943,0.0,2918522.0928099547,0.0,0.0,32822525.27551889,16220.569710515932,281217.19925491296,0.0,0.0,0.0,0.0,0.0,5718641.745519748,0.0,720719.9824099961,0.0,110323.81243678296,0.0,0.0,1714.374522556668,0.0,0.0,72685.52689465125,0.0,0.0,835608.9159376819,1149119.2208644368,0.0,0.0,0.0,0.0,0.0,3345.647571884272,0.0,0.0,0.0,2701462.265638612,0.0,0.0,4175327.4631093256,890142.8501235958,0.0,0.0,47103.62831530848,0.0,0.0,0.0,4567232.074162759,126219.72190460908,114993.5155181757,6304463.36219837,132774.14769335248,3180139.989722499,38839461.81969389,91303.4845208061,0.0,0.0,136441.2168127453,0.0,0.0,0.0,4786.435511571659,1085.645375248317,727665.5417756162,2166059.8004605514,291048.87923868274,5791039.905179527,0.0,0.0,0.0,0.0,0.0,13335.84296965236,0.0,0.0,0.0,0.0,1516857.513355973,14745.023169774347,186125.2617623497,0.0,2311105.3840746167,0.0,0.0,0.0,0.0,1914477.7130065863,0.0,716545.9974221194,1280936.8672888053,23032.367158713605,2162719.423735168,23398.05367118676,46124.98938835839,310.6985409487606,8999.454435129595,1849666.9245699856,1748128.668703076,862380.7533104675,37144.22078379017,0.0,75887.52680991539,0.0,0.0,0.0,10738.197543995288,0.0,0.0,0.0,9297346.358320616,0.0,8462917.227285227,0.0,0.0,13.269654842140516,0.0,121363.90766719864,0.0,146832.39239874325,70516.38147898977,0.0,1815446.528552008,80367.89718513438,2976481.791787765,712029.2495009465
1991,0.0,0.0,784074.3326508933,0.0,0.0,0.0,3460436.373284161,803.0049384333362,0.0,0.0,0.0,685.7695045666649,0.0,0.0,1283909.8045091203,0.0,5936350.001357349,0.0,0.0,2682642.872051894,2262134.574878254,0.0,0.0,147026.50701843813,2180425.718971244,0.0,512611.1267429456,1106.8217641491146,0.0,11564.628068690685,0.0,18607758.92604893,1205755.3120994174,877297.3097259054,0.0,6723524.936503776,0.0,0.0,4669890.711297832,259687.9267092248,564386.8287601266,7432.038723678697,0.0,6.071597663804869,0.0,0.0,0.0,32882.441768570505,0.0,0.0,1173.4980912958256,1640.7853665091263,165411.76566618332,0.0,0.0,64315.86466505814,0.0,1039111.8504631245,0.0,0.0,0.0,0.0,340414.8266938706,0.0,0.0,0.0,7348485.526119608,0.0,136735.48783608348,2852001.5175537704,142517.24028552911,0.0,259048.7448762712,0.0,434559.8120438042,169354.50610988663,204279.35288285863,0.0,245358.85353332912,0.0,2688811.942849756,0.0,0.0,31447051.7954554,8679.150662816139,325629.4014280737,0.0,0.0,0.0,0.0,0.0,5868663.006609156,0.0,592483.528709491,0.0,64874.89797783962,0.0,0.0,1742.7252270892404,0.0,0.0,128122.24819589556,0.0,0.0,1139089.2991210104,920573.2533555732,0.0,0.0,0.0,0.0,0.0,1915.1660975849268,0.0,0.0,0.0,2774769.9844953506,0.0,0.0,4258518.42626003,552543.6642911416,0.0,0.0,65548.67013539356,0.0,0.0,0.0,4731969.752239582,75682.02327204283,88626.38303608404,6332760.892577617,85825.26019141589,3273936.5117350174,39973614.01073664,69759.04955913198,0.0,0.0,162755.10451253745,0.0,0.0,0.0,19586.05119924625,3082.0522903658966,687697.4794434418,2064874.0560897544,278065.3579183763,5701663.028288939,0.0,0.0,0.0,0.0,0.0,13979.241909781524,0.0,0.0,0.0,0.0,1547916.279891344,9061.543784494934,184550.22902040268,0.0,2405842.9758533672,0.0,0.0,0.0,0.0,1960506.8309611324,0.0,738885.7515055531,1276733.4409366825,19826.029963272453,2207765.986780409,21212.53947845332,33601.12500889984,58.57047349729383,6722.613984577472,1909407.233249644,1791717.042408083,620084.1125994928,32702.620758331526,0.0,67558.60040811116,81.14130976440366,0.0,0.0,10753.917742220136,0.0,0.0,0.0,9559888.20818038,0.0,8755889.603108104,0.0,0.0,8.250064562227207,0.0,102484.3506993171,0.0,149041.8947147558,46834.74516913272,0.0,1678210.2331281414,52676.96280297067,3045810.1567382235,607723.438486472
1992,0.0,0.0,595984.8440443694,0.0,0.0,0.0,3588389.0942959576,642.9831155686976,0.0,0.0,0.0,169.1637755487755,0.0,0.0,1214661.2875809912,0.0,6078565.856099879,0.0,0.0,2744554.6064396026,2334040.1085320804,0.0,0.0,133640.13344324322,2123959.6584822573,0.0,362410.8323827756,382.773510211738,0.0,26923.591396529293,0.0,19100481.008031312,1238765.6900746124,898921.9703163014,0.0,6927556.185999419,0.0,0.0,4824115.50446809,186682.66468565472,553694.2770990931,14770.4757204972,0.0,2.859675645896231,0.0,0.0,0.0,33315.23657582232,0.0,0.0,2270.1929473330483,1123.5429307231193,110670.28905496802,0.0,0.0,55898.86138142111,0.0,1009023.1234556736,0.0,0.0,0.0,0.0,347912.05976649164,0.0,0.0,0.0,7480019.611283773,0.0,112435.65909539312,2982018.8101460384,148871.79641465453,0.0,264059.27670008835,0.0,443624.5483622305,162015.11046742083,199114.09089458524,0.0,143767.8144748099,0.0,2429016.442745256,0.0,0.0,31356461.687346023,24802.596741059144,237233.4441518888,0.0,0.0,0.0,0.0,0.0,6027261.444654862,0.0,504833.7813567473,0.0,60652.80142546188,0.0,0.0,1674.0489084964936,0.0,0.0,117532.94671558974,0.0,0.0,1127666.638140305,888736.261124495,0.0,0.0,0.0,0.0,0.0,1575.7656738550388,0.0,0.0,0.0,2857308.9164941604,0.0,0.0,4335641.023056089,496325.3663820509,0.0,0.0,72322.94531037232,0.0,0.0,0.0,4872410.320416014,48681.60277501361,80178.54458200315,6392517.169943736,70572.28988061128,3371079.4046414504,41136466.59562515,68025.13946261856,0.0,0.0,131543.2714340876,0.0,0.0,0.0,14910.251933704076,1992.2844454459569,624605.7286531621,2018146.7371931032,294860.438976147,5347688.663186025,0.0,0.0,0.0,0.0,0.0,5661.758287505603,0.0,0.0,0.0,0.0,1566849.4985943218,18331.069557114213,190136.33513050657,0.0,2513270.153168708,0.0,0.0,0.0,0.0,1919050.910803431,0.0,783799.3803627123,1265105.2429467696,17182.06862316104,2258639.7076845453,20394.3260526033,23111.637168552163,1759.657132276656,5604.137738822155,1967410.9873015448,1833943.1615297096,510900.64064633456,48021.651830349525,0.0,65561.36223416319,32.4325555856145,0.0,0.0,12027.60999825564,0.0,0.0,0.0,9850529.358694335,0.0,9054359.336487778,0.0,0.0,0.0,0.0,56032.2673205364,0.0,150771.04748102362,31830.82195028365,0.0,1561190.780043631,46347.07236768168,3117567.594743909,459475.5164376062
1993,0.0,0.0,439090.8241837935,0.0,0.0,0.0,3744150.301872584,758.0098630904535,0.0,0.0,0.0,142.51062291771078,0.0,0.0,1056122.7399032896,0.0,6226601.382848431,0.0,0.0,2734303.9568076814,2402864.290863993,0.0,0.0,115326.98550372467,1736902.009425369,0.0,253208.71155594755,4055.906662753523,0.0,11090.872733739672,0.0,19600517.00742892,1276428.6904190758,922564.965389747,0.0,7129062.319130331,0.0,0.0,4986731.127237724,149650.65343188157,397796.7059724805,11572.597528843178,0.0,3.2548191579607475,0.0,0.0,0.0,2867.0290066635725,0.0,0.0,2943.5674170298603,753.4492683912041,135772.89245120186,0.0,0.0,48429.24708666489,0.0,1141737.1942793012,0.0,0.0,0.0,0.0,355944.0390518515,0.0,0.0,0.0,7629528.1246323185,0.0,134641.3397300546,3085778.157826171,155752.15554208244,0.0,158815.1224879456,0.0,452172.82589476905,123677.37128876032,142309.60884346263,0.0,179836.55724128708,0.0,2184007.321315476,0.0,0.0,30142085.407364648,1181.8623119640276,202059.1198450823,0.0,0.0,0.0,0.0,0.0,6191885.425744935,0.0,553310.8636439939,0.0,107577.15063390834,0.0,0.0,1691.6421716933971,0.0,0.0,128043.18222973395,0.0,0.0,1013992.1636152314,965533.9985736524,0.0,0.0,0.0,0.0,0.0,701.7379799350158,0.0,0.0,0.0,2954877.4448571084,0.0,0.0,4405303.251324296,466671.7718107218,0.0,0.0,73885.9271025655,0.0,0.0,0.0,4948232.050003614,45117.305002703615,84412.62653847694,6514558.341747199,63315.36060985296,3480071.599030264,42378303.934332274,105884.7547183868,0.0,0.0,93391.4745354256,0.0,0.0,0.0,16855.394020054315,927.7555453153512,600605.9754292795,1955331.7692089432,213479.3220722729,5090535.150497107,0.0,0.0,0.0,0.0,0.0,1945.150679045617,0.0,0.0,0.0,0.0,1627809.5653546464,18230.190500656143,184630.5374060801,0.0,2626017.555542274,0.0,0.0,0.0,0.0,1861887.1193658384,0.0,884872.4365789371,1274023.7238251842,13213.246080842997,2313659.281479775,22233.259479619985,18668.794597447195,4385.016278930974,5298.683989338097,2028989.74999538,1876969.998546572,343761.31361656863,131563.34157555102,0.0,47370.1029050934,7.318666465706244,0.0,0.0,14163.20741963665,0.0,0.0,0.0,10173377.976358691,0.0,9364359.188962966,0.0,0.0,0.0,0.0,36830.20459632634,0.0,157247.72728176948,24851.94952023914,0.0,1432286.25826937,41289.60220030604,3191564.9059228417,844517.0573768379
1994,0.0,0.0,561043.6235154556,0.0,0.0,7.408329950258531,3893972.538127495,947.999133716993,0.0,0.0,0.0,3835.158259316373,0.0,0.0,970457.5787457183,0.0,6380423.885910757,0.0,0.0,2677949.341921036,2470989.3410794777,0.0,0.0,102813.56069883012,2009819.930454885,0.0,169302.94321862274,2188.2695991955807,0.0,14718.623594892202,0.0,20117380.32508881,1317377.4500365483,949744.3304660312,0.0,7317809.498477764,0.0,0.0,5149683.13484614,161523.26074232772,391400.5961694782,10012.836329435726,0.0,1.65878680321842,0.0,0.0,0.0,24085.21247465553,0.0,0.0,4720.664588852311,526.9937876316982,81605.20967500402,0.0,0.0,45071.33854177383,0.0,1132384.2698070602,0.0,0.0,0.0,0.0,364273.2915745519,0.0,0.0,0.0,7776969.237883674,0.0,164628.0928387381,3179591.1350420886,162918.00604357355,0.0,86073.01436342378,0.0,460172.2382989642,156417.10857421395,176989.5146975718,0.0,225806.4302041416,0.0,2091952.1958873689,0.0,0.0,29176445.72918032,386205.3282479349,158387.5651086073,0.0,0.0,0.0,0.0,0.0,6341516.895265119,0.0,481841.457902262,0.0,96438.86121310553,0.0,0.0,1594.9718032273342,0.0,0.0,155779.75587469168,0.0,0.0,750256.8001407725,974177.5258997688,0.0,0.0,0.0,0.0,0.0,673.7393306796472,0.0,0.0,0.0,3037151.318973096,0.0,0.0,4476567.943365771,469592.5963398816,0.0,0.0,220339.6498451373,0.0,0.0,0.0,4858611.673851335,35058.38624310655,118157.0994422993,6822852.17980362,68600.20210950848,3600137.4998052097,43729610.92815817,93521.76294252076,0.0,0.0,55627.692951539786,0.0,0.0,0.0,4429.385669248181,1547.6551970812234,536819.6140819252,1871988.981477538,199521.15702789288,4795214.45188297,0.0,0.0,0.0,0.0,0.0,2475.1258610441623,0.0,0.0,0.0,0.0,1516938.31148986,6629.305881542648,191581.8020332828,0.0,2722465.855790448,0.0,0.0,0.0,0.0,1866018.047212849,0.0,884916.802401104,1307392.5442333168,13169.813801230935,2370756.4523477843,21820.228657899104,14130.200202245507,2129.3030598745804,6094.310833696312,2096778.827792152,1919213.102897463,296973.72307739634,38801.41894277519,0.0,44754.91369075886,7.280718310177653,0.0,0.0,16210.591214498016,0.0,0.0,0.0,10494728.858207904,0.0,9700198.943198636,0.0,0.0,0.0,0.0,41756.92222992745,0.0,151094.46370668907,8858.08548839714,0.0,1335620.0211843017,47706.82736199266,3268735.987797375,370254.6745309949
1995,0.0,0.0,610418.1813515979,0.0,0.0,0.0,4014284.979630557,1064.9688093434197,0.0,0.0,0.0,15944.30421705435,0.0,0.0,912682.1629107796,0.0,6541620.753494157,0.0,0.0,2755871.643519359,2542422.928376487,0.0,0.0,101983.27646618332,1909959.264416795,0.0,124864.14347001276,1305.065641700916,0.0,16167.499557901305,0.0,20669462.337732136,1354194.3082346038,977658.2002280412,0.0,7506588.557928679,0.0,0.0,5309873.7704614885,120067.6748128254,524289.2691412636,10791.502522701832,0.0,8.557627179380798,0.0,0.0,0.0,3801.706801001739,0.0,0.0,5006.9602668378,360.4432735276292,45476.09586797436,0.0,0.0,20785.51394862296,0.0,1594503.8645939326,0.0,0.0,0.0,0.0,371997.40743285854,0.0,0.0,0.0,7917681.195336277,0.0,80590.8581339708,3282268.372010519,170477.37406453368,0.0,89255.0070074042,0.0,468362.8400550791,203867.75345999235,211623.23577997816,0.0,189390.31445605084,0.0,2056992.8303535609,0.0,0.0,28349275.36375367,2244.044317766954,212935.4946011851,0.0,0.0,0.0,0.0,0.0,6487735.6415281305,0.0,418046.97181152337,0.0,29938.26733129079,0.0,0.0,1562.1556296707547,0.0,0.0,153091.4899993888,0.0,0.0,385833.1147061402,955728.6072496067,0.0,0.0,0.0,0.0,0.0,623.8389775876852,0.0,0.0,0.0,3104162.347625543,0.0,0.0,4562458.309237232,450133.3983044553,0.0,0.0,304480.9133793886,0.0,0.0,0.0,4706971.63011498,20686.08280771565,117608.03677559872,7281565.73448742,90483.30927171148,3723140.578733302,45076793.27698286,156007.85459648192,0.0,0.0,52373.318212954255,0.0,0.0,0.0,1174.6581790678877,1900.243500993057,471932.12677360064,1792691.8524220018,178546.0574430161,4517075.357863948,0.0,0.0,0.0,0.0,0.0,3934.488222550452,0.0,0.0,0.0,0.0,1260272.579019615,15666.463857551167,188967.8451891748,0.0,2832701.311661549,0.0,0.0,0.0,0.0,1892604.0471403864,0.0,1277993.9180627237,1356664.7404014794,14554.023058433846,2427911.88332177,28310.18441068773,14710.81764549528,2560.985831697609,7582.403980552292,2166763.986824604,1963284.514405016,236505.27262178407,33635.2660377805,0.0,44492.37051832588,0.0,0.0,0.0,17076.63857413737,0.0,0.0,0.0,10801888.156471128,0.0,10075404.162530296,0.0,0.0,0.0,0.0,53786.07677535198,0.0,154722.3996759852,18989.61955286748,0.0,1297613.9390043968,62858.84160395696,3348945.882904349,844917.9041415104
1996,0.0,0.0,454192.58827618987,0.0,0.0,956.6226978412284,4142987.678273894,2047.9477106683407,0.0,0.0,0.0,72678.61242521003,0.0,0.0,869157.6156702593,0.0,6705850.671869321,0.0,0.0,2838830.49079039,2614311.897846964,0.0,0.0,107393.60543950603,1823840.483215084,0.0,90777.18528510418,5846.449288005416,0.0,17105.9569135507,0.0,21320179.141973075,1392598.8682289517,1006820.0236745974,0.0,7701211.435066262,0.0,0.0,5478048.934715627,82004.07315429025,360326.3950608016,12504.94086866384,0.0,5.3054300892442,0.0,0.0,0.0,3858.135911182176,0.0,0.0,4328.350042564545,237.489751894205,31296.85658177326,0.0,0.0,33182.42413164919,0.0,1578061.4438408504,0.0,0.0,0.0,0.0,380111.3568701752,0.0,0.0,19.21859202334468,8070351.956164226,0.0,148096.78600474598,3386550.2706387723,178288.70369771018,0.0,78332.99048967179,0.0,476745.8187285137,144681.25564718706,243598.64700939623,0.0,183343.6240548174,0.0,1986459.73177804,0.0,0.0,28037516.10558684,124114.55911838922,166429.0370870436,0.0,0.0,0.0,0.0,0.0,6632543.355928007,6.551051950231489,414849.2447750936,0.0,29143.27307335162,0.0,0.0,1730.052239874028,0.0,0.0,213976.14718057995,0.0,0.0,505799.2565221512,975496.1147937924,0.0,0.0,0.0,0.0,0.0,212.75234702794225,0.0,0.0,0.0,3179167.6200397923,0.0,0.0,4683975.84331899,459083.38788199774,0.0,0.0,275111.9825918129,0.0,0.0,0.0,4687700.894575501,18463.92569610236,102266.67325973904,7636841.227120205,111087.80072766336,3846005.9765842943,46469606.60687189,163118.47021334493,0.0,0.0,50859.52974736009,0.0,0.0,0.0,601.7971204254233,1143.7212284622403,415929.1139259519,1637676.1035422774,133278.4029304307,4221839.318315419,0.0,0.0,0.0,0.0,0.0,3097.5505045747227,0.0,0.0,0.0,0.0,1260135.8162225694,15094.261032855124,182061.2420340321,0.0,2963135.1994451843,0.0,0.0,0.0,0.0,1907540.5203283653,0.0,1460861.9950590949,1394845.9091416514,12011.617210187407,2485408.6634655613,25130.895176552523,19221.173668845884,1183.0904422819708,9860.782188382078,2237712.1358854207,2010755.623036567,239809.26320020304,41646.44317603703,0.0,41471.72045801304,19.93189505524562,0.0,0.0,16348.037189546118,0.0,0.0,0.0,11086550.35910395,0.0,10483424.563152926,0.0,0.0,0.0,0.0,54037.43474906098,0.0,144164.74982122856,12587.867929169744,0.0,1269980.194496809,75085.91560873562,3425913.234056226,1695241.8868796506
1997,0.0,0.0,617797.3820683854,0.0,0.0,3591.144629921469,4298478.847698795,591.9566506380421,0.0,0.0,0.0,55602.00137892354,0.0,0.0,923125.1984163944,0.0,6875601.296886773,0.0,0.0,2809859.219917842,2687651.271781477,0.0,0.0,110628.54692383746,1662614.064256148,0.0,53203.36335961222,7402.508017153356,0.0,18392.28871390452,0.0,21975025.18477888,1433763.4198160202,1075739.0249057813,0.0,7890083.302242087,0.0,0.0,5667542.227353316,63165.34647017313,469234.3995740067,11329.002782888436,0.0,1.394963106587812,0.0,0.0,0.0,16599.006311481797,0.0,0.0,2556.334675073166,176.92965779190374,44599.94971002161,0.0,0.0,50875.48897090349,0.0,1512131.794261339,0.0,0.0,0.0,0.0,389101.5707232316,0.0,0.0,0.0,8210696.680232288,0.0,170589.7405189738,3446874.847504112,186065.26985305065,0.0,122387.4663928928,0.0,483981.68469260144,131408.76243449582,186218.370757098,0.0,66321.62053152357,0.0,1958942.0620332484,0.0,0.0,28124452.020713188,36550.10555792849,63661.74542485804,0.0,0.0,0.0,0.0,0.0,6788707.719203368,0.0,476851.11783408927,0.0,74770.51076488498,0.0,0.0,2100.072694400472,0.0,0.0,201275.6691293633,0.0,0.0,580013.5412773917,1023820.102818063,0.0,0.0,0.0,0.0,0.0,75.9634681832436,0.0,0.0,0.0,3266872.273940511,0.0,0.0,4840644.898137059,496316.5758133102,0.0,0.0,276582.7827911281,0.0,0.0,0.0,4777995.807882036,14605.95376945798,52025.05563723667,7881486.26038662,132928.53435441738,3978413.742499093,47902530.18915067,113340.84932348983,0.0,0.0,105674.95612670678,0.0,0.0,0.0,127.21073695507268,1263.9244464829214,382271.72795214126,1631581.7579641845,132832.17990176723,4034182.237023789,0.0,0.0,0.0,0.0,0.0,3110.59291744369,0.0,0.0,0.0,0.0,1433122.9434208989,17542.973463366947,186782.07603934457,0.0,3100041.012714502,0.0,0.0,0.0,0.0,1948123.9687925696,0.0,1583866.852539366,1444152.3374934078,11463.650525125564,2507966.7093126294,25602.004366150915,11471.79917039456,352.1684762553609,10123.39457498036,2309686.535403899,2060005.774628344,254001.97398249552,61777.17424836847,0.0,43766.66298297709,26.767628377616,0.0,0.0,14691.054460505502,0.0,0.0,0.0,11401236.08824274,0.0,10883232.51357106,0.0,0.0,0.0,0.0,54408.96255859628,0.0,138189.92725636988,13392.298570542122,0.0,1264144.813743009,92468.82476959654,3505916.397430996,1957216.0665041176
1998,0.0,0.0,768257.0454606377,0.0,0.0,3397.5634670830736,4495158.673543793,338.999946732618,0.0,0.0,0.0,29306.81392413933,0.0,0.0,916492.5457162964,0.0,7060338.1210158,0.0,0.0,2811551.840272188,2754404.218990384,0.0,0.0,109074.8669708296,1800131.6313517909,0.0,49395.01647885446,4412.543803527171,0.0,25960.782366720927,0.0,22552429.07267698,1470792.0547686578,1135693.253992236,0.0,8081508.771886709,0.0,0.0,5875893.804346168,63418.89474778041,476206.27091975225,12333.350711559871,0.0,2.742503208202589,0.0,0.0,0.0,3901.2285563082864,0.0,0.0,6055.143303112172,124.80610163450392,104626.6084445463,0.0,0.0,63102.475058136384,0.0,1639402.253313657,0.0,0.0,0.0,0.0,397795.71905282233,0.0,0.0,85.66766774431147,8362862.858585079,0.0,131030.34647328072,3468195.549970274,194383.9831833884,0.0,171263.72231957788,0.0,493165.1651684651,142513.6425263459,118319.10837333972,0.0,291127.3341506816,0.0,1938792.4351147509,0.0,0.0,26060777.71455261,37307.40260892712,59465.53855293852,0.0,0.0,0.0,0.0,0.0,6961723.825674735,29.07171535148137,311941.451352426,0.0,83799.47556412224,0.0,7263.017643820092,2909.929369929985,0.0,0.0,108674.0948736064,0.0,0.0,580700.9757299097,1116436.2366184338,0.0,0.0,0.0,0.0,0.0,67.96871756962005,0.0,0.0,0.0,3382715.7826313763,0.0,0.0,5013149.076193981,428135.2157621019,0.0,0.0,225273.96736834687,0.0,0.0,0.0,4920562.646887696,64119.86966907206,26682.48319140415,8137567.541945219,157224.58195139942,4109691.6835835474,49260400.965772815,72216.28339956306,0.0,0.0,97921.43984898778,0.0,0.0,0.0,110.25409367996282,2474.8509022825674,373465.7525603204,1574393.8164550203,147772.3865026963,3798291.7301610834,0.0,0.0,0.0,0.0,0.0,10339.99596297404,0.0,0.0,0.0,0.0,1564531.99541731,36137.76908996872,198314.14967157587,0.0,3226263.8917514514,0.0,0.0,0.0,0.0,2005983.8750517704,0.0,1677363.5145516102,1499666.7766509918,12057.328137427112,2536695.545564228,22915.02746051293,5335.257401322736,63.89298021836721,10014.519994520584,2381039.239169045,2110852.8584066126,339737.5715591157,101228.2362169476,0.0,46793.50560140447,716.0789532932056,0.0,0.0,12872.685491029595,0.0,0.0,0.0,11795337.491644245,0.0,11293983.79389839,0.0,0.0,0.0,0.0,55003.323076468296,0.0,130816.06073152738,14072.512921676513,0.0,1263708.6914094691,87882.00010161684,3593944.6348278774,1919988.8048166705
1999,0.0,0.0,679540.8265863602,0.0,0.0,2088.9783955869725,4692280.971934334,222.02003641608547,0.0,0.0,0.0,13247.55111339604,0.0,0.0,938328.6488189254,0.0,7255912.968298233,0.0,0.0,2864280.443080686,2815868.867944376,0.0,0.0,108752.1844072045,2010948.422660657,0.0,74317.3268352993,5398.425931830803,0.0,20944.241288206176,0.0,23151216.071280684,1512326.9910011317,1151419.37028431,0.0,8271975.869968097,0.0,0.0,6081812.829207504,62017.09267937239,179974.27173250192,9407.431609336576,0.0,1.8756244154557,0.0,0.0,0.0,3879.571676763026,0.0,0.0,9319.799625203632,90.89101302798552,217874.4164954713,0.0,0.0,37430.00843059836,0.0,2050661.77732944,0.0,0.0,0.0,0.0,401943.8923243317,0.0,0.0,208.0144125676728,8517442.434803603,0.0,67120.63787294774,3512944.9541550493,203303.32859801044,0.0,170828.71576833632,0.0,502583.44938355125,99507.48862315503,139853.35322978868,0.0,158528.5354809673,0.0,1908490.568355078,0.0,0.0,22028121.511309806,14848.274107059526,44913.90999418084,0.0,0.0,0.0,0.0,0.0,7129757.447789135,0.0,330436.3614549055,0.0,91158.06110215528,0.0,51092.31653828124,4026.999793101855,0.0,0.0,83598.67021928183,0.0,0.0,713314.5681034644,1211822.8122202842,0.0,0.0,0.0,0.0,0.0,16.984028079607956,0.0,0.0,0.0,3497374.355240376,0.0,0.0,5162237.573208731,553080.1672118435,0.0,0.0,279606.80897325464,0.0,0.0,0.0,5065211.9340396095,35053.258151272654,22364.28403524485,8373039.364114464,156090.7348190136,4245020.645721176,50721334.77141232,84774.47774290752,0.0,0.0,92452.53544570383,0.0,0.0,0.0,28.01526265039553,2158.657743121607,354583.9789993642,1545618.087285211,110221.09139056188,3720372.747480582,0.0,0.0,0.0,0.0,0.0,47667.8087750101,0.0,0.0,0.0,0.0,1620464.0135350337,10011.242053070477,197462.69023201696,0.0,3314945.385475144,0.0,0.0,0.0,0.0,2019866.233044953,0.0,1785422.3241955629,1556138.916091327,11917.346565407594,2615366.1591792647,16838.65705148386,4511.113409872318,4.939632842845371,9817.834125082749,2444497.387932823,2154311.608321681,312563.5394419626,107934.32486116794,0.0,53518.52129926046,65.0012120394702,0.0,0.0,11686.200559978728,0.0,0.0,0.0,12158638.992370425,0.0,11713926.122902952,0.0,0.0,25.33660640813777,0.0,49888.05363941493,0.0,138360.02736203393,11319.908896002478,0.0,1232916.9471520344,80423.74204511665,3685172.896101637,1977752.433225473
2000,0.0,0.0,441061.03669718624,0.0,0.0,900.30843460263,4717503.8669273015,440.0416361246251,0.0,0.0,0.0,8767.290030664257,0.0,0.0,1008265.7496814348,0.0,7440579.654192611,0.0,0.0,2857153.5192853888,2769965.343183089,0.0,0.0,107152.53255915928,1903601.116897778,0.0,34964.005733728955,5331.562488793931,0.0,3680.870710910543,0.0,23404982.60934225,1545777.7626220651,1119837.9929805354,0.0,8418060.159696521,0.0,0.0,6119888.999884156,61000.4128031606,370772.8957614624,4538.944883069081,0.0,532.2151868888434,0.0,0.0,0.0,2815.947051938971,0.0,0.0,3333.2417692025083,77.05906531122508,267822.4739839169,0.0,0.0,35067.188899603934,0.0,4039560.211987108,0.0,0.0,0.0,0.0,405227.8708876194,0.0,0.0,1422.355875528996,8259053.770102496,0.0,154178.0139246453,3507511.820943925,203547.2890963587,0.0,190699.397474377,0.0,502800.7350638597,87120.99176373707,91311.19743001132,0.0,158029.87844338294,0.0,1465545.0633748083,0.0,0.0,20539556.06672444,6913.588258893188,33552.46257033401,0.0,0.0,0.0,0.0,0.0,6898912.034592787,68.4220112348058,604766.806235544,0.0,81085.559122972,0.0,452695.5760238597,9993.26950700476,0.0,0.0,216853.917922552,0.0,0.0,553042.7121423915,1236379.6797008682,0.0,0.0,0.0,0.0,0.0,2.9633584482253945,0.0,0.0,0.0,3364154.349750168,0.0,0.0,5121392.102035429,535891.6603777311,0.0,0.0,261603.7766344025,0.0,0.0,0.0,5005519.684086455,20854.841404758103,40541.379379320446,8331439.396277798,142067.1349756803,4002974.8979515946,50695776.88720973,50552.83258299833,0.0,0.0,56554.77111738836,0.0,0.0,0.0,5.99213377870853,2364.308870331399,180246.61265202845,1512088.7532701448,80941.59329338605,3335375.37532746,0.0,0.0,0.0,0.0,0.0,32338.30678171285,0.0,0.0,0.0,0.0,1539953.359569562,4694.10534198158,200005.31409298268,0.0,2839368.556126683,0.0,0.0,0.0,0.0,1997686.7026876807,0.0,2320371.8765393454,1377893.5498327482,34907.95662575762,2548342.7983858627,71672.67957529443,2367.294980762386,5.923401656411295,8817.093153679882,2228951.3395636627,2153419.8371648206,193416.4740572805,199661.98379992068,0.0,27657.50168881336,129.91410326399466,0.0,0.0,11600.925845772645,0.0,0.0,0.0,12017708.370628988,0.0,11940037.55681267,0.0,0.0,635.7292612840089,0.0,66297.0341389976,0.0,240921.4095312427,26779.46348262396,0.0,1122866.246825442,4458.249625181639,3629669.756891058,1915874.4230252511
2001,0.0,0.0,339885.7309708623,0.0,0.0,413.2949488651164,4956722.035984554,215.0147810768359,0.0,0.0,0.0,5734.507265471495,0.0,0.0,965313.1133684866,0.0,7675646.719262074,0.0,0.0,2841836.306423395,2988810.445414085,0.0,0.0,53708.401045062245,1334172.049565325,0.0,34237.144470931664,3640.5549042207786,0.0,2755.9695508812274,0.0,24024533.32517663,1583037.103758793,1143715.3052120823,0.0,8890394.62631613,0.0,0.0,6486897.63265941,47547.95941142786,550973.5087682644,3209.782478264537,0.0,364.40161419225217,0.0,0.0,0.0,2425.6293282173906,0.0,0.0,2741.868576389122,51.6942087067139,273883.4679898956,0.0,0.0,78262.31533235259,0.0,6787772.70405675,0.0,0.0,0.0,0.0,403734.5168209602,0.0,0.0,2204.6941823928723,8208326.442517039,0.0,198244.4609706888,3529440.2355734943,209050.5134074822,0.0,114765.74290077464,0.0,415456.9969596567,86341.14678753771,59047.92054603376,0.0,99083.733824846,0.0,1461765.7236701546,0.0,0.0,20395830.56447869,4647.090753924911,22777.95255366489,0.0,0.0,0.0,0.0,0.0,7864651.836983087,149.27729887053238,346333.37732119363,0.0,107589.4984311336,0.0,917407.1938738404,5840.21283586142,0.0,0.0,103360.6621047996,0.0,0.0,171038.2165412896,1310343.2733378718,0.0,0.0,0.0,0.0,0.0,0.0,0.0,0.0,0.0,3501948.147475247,0.0,0.0,5208055.955214822,710227.8089002655,0.0,0.0,199569.5433247445,0.0,0.0,0.0,5226533.393304434,13923.80717890775,40489.09305219032,8897299.903924001,184682.9140883745,4054111.149274105,51410373.9073934,22619.97918661631,0.0,0.0,66381.37554516866,0.0,0.0,0.0,1.973799811322238,2155.1697998287086,190944.3372342247,1526275.716548188,61627.73788081375,3587978.5861877217,0.0,0.0,0.0,0.0,0.0,10498.393631388975,0.0,0.0,0.0,0.0,1527664.432437417,1602.2472892402063,204150.4435593112,0.0,2707626.565858548,0.0,0.0,0.0,0.0,2075477.429809637,0.0,609304.7892557099,1511110.9066119352,47181.46834721693,2613510.0858713808,86550.97857593004,1114.8144882510887,62.83044901403604,5320.094687899104,2329971.5233128523,2220063.130617206,154035.16057316598,121758.45211993452,0.0,36954.79721263821,40.07459325530671,0.0,0.0,10984.666142474574,0.0,0.0,0.0,12005325.482113907,0.0,12801779.7107484,0.0,0.0,364.227657188397,0.0,50474.1902072281,0.0,213063.0887889549,22004.59247231949,0.0,959968.7196825874,67130.44747386272,3931821.23333373,1553981.93154678
2002,0.0,0.0,1017301.8383849802,0.0,0.0,216.82862552234016,4893658.842565103,125.01450555409964,0.0,0.0,0.0,2681.034418338631,0.0,0.0,1020255.1809962124,0.0,7848891.714963123,0.0,0.0,2804507.642004671,3252326.272146944,0.0,0.0,48867.5315422502,1089754.6432602524,0.0,34086.52162687793,2111.1614403082303,0.0,2564.650308321614,0.0,24649317.48396359,1641871.925286663,1079256.9251374048,0.0,9141928.546399448,0.0,0.0,6676513.275985959,55620.09152017159,474718.5574706464,2392.081443771562,0.0,234.15854569942388,0.0,0.0,0.0,2694.26666810177,0.0,0.0,3126.184188724587,43.60784535018314,235506.7691026392,0.0,0.0,18749.324343944885,0.0,7172118.82572601,0.0,0.0,0.0,0.0,374340.5477204308,0.0,0.0,2035.1019741415955,7929632.492429779,0.0,243797.66887882608,3412298.18882672,216860.53392263164,0.0,104773.471839269,0.0,327460.7923706929,65606.67210375595,41855.277136938974,0.0,136348.12404330028,0.0,1400638.8346757498,0.0,0.0,19283191.61496872,3571.3464172042486,23132.03272515316,0.0,0.0,0.0,0.0,0.0,7483129.428553127,14417.776795704813,303161.70642575296,0.0,113813.70980670344,0.0,133172.24887863462,4102.224807054818,0.0,0.0,76083.47295397552,0.0,0.0,104182.33825389337,1343832.367053174,0.0,0.0,0.0,0.0,0.0,19.041986404900683,0.0,0.0,0.0,3381999.6187364683,0.0,0.0,5180168.624701074,774323.3697717667,0.0,0.0,165406.36875729915,0.0,0.0,0.0,5092915.594486283,13055.477404656063,34578.34306099654,9178683.044556318,131987.2871561645,3932977.804636045,51380590.85864648,17237.00206922519,0.0,0.0,99364.76460784533,0.0,0.0,0.0,5.87721283312033,4848.611600694402,240923.7509145722,1327356.0583492883,73300.02802885846,3384330.870658404,0.0,0.0,0.0,0.0,0.0,10234.663789604634,0.0,0.0,0.0,0.0,1417649.727316423,1209.1900103388268,196683.39138224444,0.0,2161629.970825264,0.0,0.0,0.0,0.0,2147771.6321276464,0.0,628157.3127254072,1449904.6155015738,33625.99349897468,2596465.718754832,93110.46060577816,412.9218635677871,14.954520088381054,3000.478397495279,2104175.201339547,2314003.068147971,103107.50997706852,68206.48653497997,0.0,101511.8078036096,83.91373714373985,0.0,0.0,10391.008786889168,0.0,0.0,0.0,11426818.000666184,0.0,12880268.694107382,0.0,0.0,308.8705741212954,0.0,68085.68224240621,0.0,136664.33931813051,42204.19363436038,0.0,729989.4609126786,39820.21373559415,3860808.90894973,1275850.6113623609
2003,0.0,0.0,983891.664410728,0.0,0.0,114.06125743610986,5171935.897496915,122.01456159042424,0.0,0.0,0.0,1976.2357244228408,0.0,0.0,1246976.1067601317,0.0,7955002.48435757,0.0,0.0,2728097.4982912187,3484521.618819352,0.0,0.0,58987.19939248634,1116215.9622448846,0.0,19919.49028278913,1755.3950310485066,0.0,2337.809121633042,0.0,25532177.12231301,1706601.8792169578,1101312.9267680177,0.0,9346594.040632589,0.0,0.0,7146613.773368898,60714.391901720686,427241.2633727042,1788.7889794993123,0.0,199.7495572182859,0.0,0.0,0.0,15516.720522917332,0.0,0.0,3469.4779751849856,37.25082841440138,147193.74503395366,0.0,0.0,28482.28538340312,0.0,9896562.940545626,0.0,0.0,0.0,0.0,323865.1653871083,0.0,0.0,1077.9318573726046,7685596.171800538,0.0,208689.67948427843,3300738.51294607,230977.6599970959,0.0,83700.65950129423,0.0,243915.6252472799,77742.81690837059,32108.240648329825,0.0,136578.57652526844,0.0,1064165.395043258,0.0,0.0,19905888.87075925,1465.3784970162644,38725.16698658835,0.0,0.0,0.0,0.0,0.0,7203733.61350581,2144.294625935139,404148.5878405368,0.0,96575.1999101134,0.0,113613.69602647168,2637.44609390439,0.0,0.0,68906.43578778474,0.0,0.0,26320.370202886686,1347468.2367435228,0.0,0.0,0.0,0.0,0.0,4.034516248306592,0.0,0.0,0.0,3604217.620245756,0.0,0.0,5360249.039262783,777370.265478771,0.0,0.0,201972.0729697063,0.0,0.0,0.0,4786806.537780586,10670.990207563083,18880.25070714722,9176583.914111672,125799.16704622976,3722007.6179130943,53117478.27476987,15167.449855944682,0.0,0.0,85207.39821242994,0.0,0.0,0.0,5.898724192381915,9672.458709777417,222703.20477353572,1422080.8072426696,97330.5221387163,3220126.2556091603,0.0,0.0,0.0,0.0,0.0,4551.17258218966,0.0,0.0,0.0,0.0,1157280.8357379602,699.5393780638683,177715.03044589097,0.0,2027380.2781076063,0.0,0.0,0.0,0.0,2152245.483237232,0.0,964432.9619233002,1498567.47754539,26097.9101305168,2551217.784299469,76352.60039214662,269.4019952949732,1.9965571751269189,1374.9728763463568,2141380.232326664,2449441.87240886,83752.3026213913,52518.69194649068,0.0,57398.33438291453,26.984131222968635,0.0,0.0,9367.947690325267,0.0,0.0,0.0,11034020.03923858,0.0,12844726.7677895,0.0,0.0,262.8133836770345,0.0,78232.55662474656,0.0,107043.4961803425,50386.07150274798,0.0,606746.8193831474,34805.846174148755,3761067.223550755,1076393.328304813
2004,0.0,0.0,711883.5557422457,0.0,0.0,159.85558828556776,5352716.893953774,115.01684580629276,0.0,0.0,0.0,1331.9623275886472,0.0,0.0,1269580.0299082452,0.0,7879286.243040974,0.0,0.0,2477887.654776998,3746899.358070548,0.0,0.0,45029.28273253891,1147948.284683922,0.0,12233.691555365262,1691.9112759788009,0.0,2362.89710270721,0.0,26639608.71935133,1778327.221453923,1129228.6832837616,0.0,9393077.193797955,0.0,0.0,7565599.536875833,54170.65363067752,327929.5467563379,3080.323733476649,0.0,128.5122668992082,0.0,0.0,0.0,1391.9665158983798,0.0,0.0,5182.661642013712,32.930560012148746,79257.51749404833,0.0,0.0,8597.981478728241,0.0,12246670.519085463,0.0,0.0,0.0,0.0,249519.5534600392,0.0,0.0,927.180497625544,7400398.659354956,0.0,152170.97373216358,3140932.2192127183,251335.18118921155,0.0,78810.26384236041,0.0,168502.62149667085,72002.8219364979,38295.3184750921,0.0,83744.33042357488,0.0,1348393.4017180903,0.0,0.0,22841820.900928345,585.1238487969006,18488.56591773099,0.0,0.0,0.0,0.0,0.0,6313550.732251178,396.86555902494285,301807.9017290189,0.0,44974.88730725437,0.0,81830.17902770231,1841.815614356257,0.0,0.0,56214.98588607274,0.0,0.0,9123.605446212448,1271099.3836878606,0.0,0.0,0.0,0.0,0.0,1.0261826178113866,0.0,0.0,0.0,3888603.505257865,0.0,0.0,5482157.324327343,640872.355481756,0.0,0.0,132374.02598255026,0.0,0.0,0.0,4564993.404934837,10038.313062572412,17425.630125804633,8872212.751759296,170864.51470946323,3914243.227584764,56024733.47032149,15043.005374612863,0.0,0.0,40718.74791397065,0.0,0.0,0.0,0.0,10662.910321649882,213697.76128041768,1793894.2457524226,90753.8313481168,2508341.557701069,0.0,0.0,0.0,0.0,0.0,2112.4176221579555,0.0,0.0,0.0,0.0,763565.5873200193,305.1459117083608,169077.39206452807,0.0,1872644.77508719,0.0,0.0,0.0,0.0,2187734.933388807,0.0,824632.2881675035,1480001.7630938438,19636.99943899573,2486763.561140561,81480.57157286462,302.71032228399,1.003409296488311,2621.9412611697608,2176353.977565434,2588461.590812557,57181.99070570104,37175.61870036269,0.0,206051.46618285257,11.05700898618668,0.0,0.0,5384.134105055582,0.0,0.0,0.0,10511405.457241552,0.0,12437265.841046125,0.0,0.0,218.0726335539273,0.0,101952.3037366952,0.0,67778.902268195,48635.0673148091,0.0,480894.96041906544,34061.216136471856,3358369.3677067915,954570.4039934943
2005,0.0,0.0,503080.9498067527,0.0,0.0,19.899099831154544,5627424.496200866,252.0330362536196,0.0,0.0,0.0,669.2561136457085,0.0,0.0,810341.8082029661,0.0,7682520.713480987,0.0,0.0,2335510.082561983,3916549.071550755,0.0,0.0,60087.79360442248,1261667.9410499835,0.0,7766.01856690784,862.7243341484927,0.0,3401.9238454588817,0.0,27392593.161315706,1818763.236728833,1097089.6171503465,0.0,8772185.062904248,0.0,0.0,7722720.418366024,41700.14967959916,266971.6183750467,7949.909083168852,0.0,191.9367169157603,0.0,0.0,0.0,2512.902444379807,0.0,0.0,7411.328330273991,30.074754110025587,45543.7144613741,0.0,0.0,15663.246182187107,0.0,9604069.18209499,0.0,0.0,0.0,0.0,199736.4684986158,0.0,0.0,495.983441958061,7183501.315431137,0.0,124422.8006809488,3018143.7474801266,273905.0281484872,0.0,104870.39571082885,0.0,132816.0798158527,88330.44105623994,34849.05572088736,0.0,151577.15708165366,0.0,1314328.4625024498,0.0,0.0,24384801.41347356,47.70687087536016,32231.485505189965,0.0,0.0,0.0,0.0,0.0,5014549.905380498,828.8435618327079,215947.1459266841,0.0,24890.051879004663,0.0,30816.01748858762,2687.244165137519,0.0,0.0,43813.49802331165,0.0,0.0,3902.4667475315287,1246610.8817025656,0.0,0.0,0.0,0.0,0.0,0.0,0.0,0.0,0.0,4158691.138570848,0.0,0.0,5652130.399429148,631708.3030365263,0.0,0.0,121629.66196031102,0.0,0.0,0.0,4638386.3548528,8318.495354325742,14590.880406493532,8432626.161710026,99894.78729620898,4168728.7643516464,58731460.84037911,14312.881979330035,0.0,0.0,41570.32882842607,0.0,0.0,0.0,0.0,7414.799811496596,230932.00148379823,1573129.9332259374,84765.47680425833,3078544.1819816614,0.0,0.0,0.0,0.0,0.0,997.023387704079,0.0,0.0,0.0,0.0,534987.4527971735,202.09434802648224,154117.1384160373,0.0,1884182.6778733048,0.0,0.0,0.0,0.0,2206845.404812616,0.0,853699.8065185918,1667605.5527454698,20463.951773806923,2475344.238979457,30072.52517205386,184.52335680817453,0.0,1600.8121542139702,2283589.776428264,2627896.092016204,61217.60569214948,215847.55353756133,0.0,137598.2960768404,1.2368606892179066,0.0,0.0,2115.70033060797,0.0,0.0,0.0,9871208.602091683,0.0,12239096.857625222,0.0,0.0,300.15677990927844,0.0,99688.84530117612,0.0,51516.42336754572,30124.714036734887,0.0,436760.1728890678,19702.768971149104,2992396.657476528,836226.758979757
2006,0.0,0.0,395266.10846811294,0.0,0.0,0.0,5582973.566215864,212.01931384693395,0.0,0.0,0.0,332.8680318990076,0.0,0.0,432314.25279754086,0.0,7660650.611288494,0.0,0.0,2195620.4609264783,4041715.561854299,0.0,0.0,52701.71330734073,1066437.4464902575,0.0,7484.180602056293,1735.1992499367,0.0,1842.5846764847813,0.0,27851895.18184753,1851574.737096855,1052227.6134680803,0.0,8584250.320385817,0.0,0.0,7732833.011902884,68091.56241861754,255406.00370791176,6793.178269452023,0.0,215.0835907206216,0.0,0.0,0.0,7185.834578919056,0.0,0.0,6690.692403260811,28.430827206491166,24792.40685139915,0.0,0.0,9116.77330665989,0.0,9551056.40516211,0.0,0.0,0.0,0.0,186108.52720748456,0.0,0.0,156.83375872825965,7188197.264490786,0.0,155677.3447010923,3024271.758255224,287408.9628002757,0.0,77177.95163241164,0.0,112202.6457490658,49853.20186201522,25304.11425863096,0.0,222361.4980649704,0.0,1338489.31396156,0.0,0.0,19616833.16039193,24.90890560009086,29541.920221308308,0.0,0.0,0.0,0.0,0.0,3887329.4649090096,316.34981138946097,295472.91477448965,0.0,62465.3981569205,0.0,34705.00037225069,3844.538229430537,0.0,0.0,50241.70534987947,0.0,0.0,1388.083186095647,1271872.7880814876,0.0,0.0,0.0,0.0,0.0,0.0,0.0,0.0,0.0,4113390.924306466,0.0,0.0,5732469.058868373,714802.7207191197,0.0,0.0,21807.69725661545,0.0,0.0,0.0,4555976.875554965,7052.373026052881,13401.32392536095,8253190.384217884,90504.01456970986,4288206.751321548,61066931.56289996,6917.660942318933,0.0,0.0,40905.72306962304,0.0,0.0,0.0,0.0,3497.613490469302,144799.79108430137,1648864.9191655957,96224.94584923642,3120061.7336238283,0.0,0.0,0.0,0.0,0.0,1872.242357353295,0.0,0.0,0.0,0.0,422032.5331969402,269.7665195249166,149854.00735549352,0.0,1860666.9981728976,0.0,0.0,0.0,0.0,2224335.847717358,0.0,1042838.4525323202,1539764.3667621366,7589.887831138591,2477729.710904085,8060.457075327894,139.2967730785384,0.0,1161.844930620536,2380464.1070926995,2594444.528222681,61335.76991009189,175598.95250670184,0.0,147998.57509350378,1.207666041135715,0.0,0.0,777.7798550207505,0.0,0.0,0.0,9138472.60108507,0.0,12333434.183642851,0.0,0.0,186.8189401307501,0.0,81324.08908305422,0.0,56706.1419738298,26447.090077862507,0.0,468317.9938130408,29565.05902302168,2645974.647180851,941251.4360692608
2007,0.0,0.0,381745.38822110754,0.0,0.0,0.0,5274101.734186332,387.0740247599117,0.0,0.0,0.0,109.34657122869416,0.0,0.0,466642.3350043072,0.0,8020121.257354544,0.0,0.0,1924978.204660143,4141086.345347647,0.0,0.0,42549.72110564577,862291.7732258966,0.0,3036.2453063547737,1557.9126059629098,0.0,1756.3640520329352,0.0,28320566.735176124,1865441.7720419224,995150.6798866626,0.0,8791218.941000191,0.0,0.0,7609019.483143931,55013.5896221,263797.5294636879,3014.361632127064,0.0,46.4378750382682,0.0,0.0,0.0,1300.9964972632476,0.0,0.0,4831.991759737776,32.8162705097972,22266.093170413704,0.0,0.0,20424.885420115774,0.0,8810814.927514063,0.0,0.0,0.0,0.0,182338.2361064307,0.0,0.0,24.157078795966765,7441250.109053018,0.0,159751.7126239736,3162838.46284704,298296.3729571293,0.0,38404.828899452994,0.0,113836.54627042398,26449.51658369612,21766.8977053624,0.0,193578.4380454116,0.0,1209254.4081395392,0.0,0.0,18447108.73784379,4.023357776483692,29068.81028694953,0.0,0.0,0.0,0.0,0.0,3058082.263623874,95.80963049454344,158005.82335018856,0.0,23712.247158287537,0.0,13014.151872445284,4223.62036342799,0.0,0.0,47192.3886197605,0.0,0.0,477.54966961268354,1326459.3929134228,0.0,0.0,0.0,0.0,0.0,0.0,0.0,0.0,0.0,3459514.916077132,0.0,0.0,5799062.294958116,896262.5947682956,0.0,0.0,113296.60031771276,0.0,0.0,0.0,4644982.489820468,6613.836022447153,11258.633085999068,8197773.80926689,36520.98882558683,4572477.22301838,63374987.75766405,2999.739176837726,0.0,0.0,44590.40687443475,0.0,0.0,0.0,4.081167278729924,2601.170535106316,107189.19422052676,1442672.963009307,100425.38485969532,3106204.661221345,0.0,0.0,0.0,0.0,0.0,2875.7057214601623,0.0,0.0,0.0,0.0,405248.4985041688,466.604604372171,147248.05666764555,0.0,1689717.4378041786,0.0,0.0,0.0,0.0,2344963.27751845,0.0,929560.0921497096,1371850.8834059783,3851.8360553492057,2482963.531525061,3644.7953685632456,105.8405149655153,0.0,2021.692580463819,2440777.733993322,2498671.062134675,63744.64349927782,159009.0491982686,0.0,137966.26699623602,0.0,0.0,0.0,332.941019913068,0.0,0.0,0.0,8194394.655937094,0.0,12397557.290839344,0.0,0.0,230.12770796276067,0.0,84531.99327193176,0.0,42181.699911406125,15930.922133651731,0.0,530017.0846690718,15159.724634570632,2378408.432489817,2135362.9416838405
2008,0.0,0.0,316358.97996612283,0.0,0.0,0.0,4660257.390242416,130.05817932850923,0.0,0.0,0.0,72.25035547883934,0.0,0.0,699720.236135972,0.0,8744771.889848802,0.0,0.0,1726184.467054643,4124762.41081993,0.0,0.0,25731.78526760988,600425.0425603958,0.0,1195.277262098888,2812.559728498008,0.0,1094.2053219010106,0.0,27954587.940307964,1876160.347739864,920208.9360328604,0.0,9309067.837696966,0.0,0.0,7187755.853928701,30436.36920131222,167352.51594783587,2145.857833974377,0.0,88.3129182092957,0.0,0.0,0.0,672.6392227188207,0.0,0.0,3229.112711154673,3.972627907455886,12319.037521734948,0.0,0.0,11333.659913173084,0.0,6980730.379970069,0.0,0.0,0.0,0.0,220486.2925738086,0.0,0.0,6.042374246371766,8085805.676850148,0.0,234565.2326355884,3471330.915947939,291461.08806598675,0.0,17328.499518110548,0.0,135133.8192902561,26350.16504249733,16788.310970707094,0.0,234371.2479501971,0.0,963925.7806941144,0.0,0.0,20089182.872265145,3.846835465833181,17329.66879438142,0.0,0.0,0.0,0.0,0.0,2626659.461310701,17.968639447623808,144363.20217822195,0.0,19837.06607674634,0.0,43405.35907686508,1051.6148875804363,0.0,0.0,49708.14656574283,0.0,0.0,1523.4361521212886,1391510.4468184875,0.0,0.0,0.0,0.0,0.0,0.0,0.0,0.0,0.0,2700044.8864838127,0.0,0.0,5938590.668111134,1094993.3482860306,0.0,0.0,173446.4829441995,0.0,0.0,0.0,5020029.640737903,6276.817462191758,13564.731092208976,8298854.99672165,12119.50140572865,5300386.96384255,65654742.78835844,1669.9560025319863,0.0,0.0,32660.14083655617,0.0,0.0,0.0,8.105131656900452,1475.2412021324355,103583.73666261716,1471337.3762803625,67844.12986399392,2871503.588124716,0.0,0.0,0.0,0.0,0.0,685.8748806228725,0.0,0.0,0.0,0.0,513787.2401867007,60.95269487347449,119318.93152914752,0.0,1449441.97793495,0.0,0.0,0.0,0.0,2600569.963639217,0.0,868537.872773148,880504.3930644554,5711.17340714934,2523281.7656659097,9316.530483798604,85.84297423472889,0.0,1850.839067578524,2528472.0224880097,2242766.646892799,54160.158349900885,157891.2492221445,0.0,157372.26302540832,0.0,0.0,0.0,166.7990521847823,0.0,0.0,0.0,7314640.07648384,0.0,12778308.455000635,0.0,0.0,7.617917924678749,0.0,65676.19122975144,0.0,27975.542950678915,12589.616599182244,0.0,370388.9390689091,17654.92093451755,2196496.6347381403,1367379.3272964123
2009,0.0,0.0,233742.63928702052,0.0,0.0,0.0,4089606.292905614,86.01550100946702,0.0,0.0,0.0,78.2695630621412,0.0,0.0,483752.9534463668,0.0,9314078.747551348,0.0,0.0,1558388.4631611714,3994027.418935856,0.0,0.0,28738.648092392417,573166.0211550138,0.0,3519.3230232772567,3180.3912552016927,0.0,510.2171188220625,0.0,26527554.70918441,1863392.7988401973,884889.8834789135,0.0,9808089.134094208,0.0,0.0,6553016.039375445,16376.747283325689,160742.02965369986,591.669893012766,0.0,163.91125132276156,0.0,0.0,0.0,6723.350303926419,0.0,0.0,2862.939930592357,3.977846108857421,9908.311625270886,0.0,0.0,15531.272348488072,0.0,8835274.959778856,0.0,0.0,0.0,0.0,289229.67156473955,0.0,0.0,1.1354224777649051,8904478.36008264,0.0,248893.520450858,3857289.054621828,277117.0784073837,0.0,17737.75356105584,0.0,167181.49524759446,29232.981958401168,18522.58341205417,0.0,285627.0129333212,0.0,1372969.0542481844,0.0,0.0,20509911.249261547,0.0,4471.959321630793,0.0,0.0,0.0,0.0,0.0,2556075.533544587,4.014252287193816,213667.5898381573,0.0,58222.53786320301,0.0,37573.65382429065,1308.615174011558,0.0,0.0,37919.13596214951,0.0,0.0,1250.3838668074602,1382958.00854868,0.0,0.0,0.0,0.0,0.0,0.0,0.0,0.0,0.0,2238074.2190876747,0.0,0.0,6078283.108260981,1057383.799837555,0.0,0.0,80246.70474142914,0.0,0.0,0.0,5356023.196190803,7083.3282484982565,8604.275845282637,8432863.736397997,5596.936156506037,5910836.307815834,65730162.06846787,1329.0579439583469,0.0,0.0,25395.99167475868,0.0,0.0,0.0,0.0,1580.6527920165836,90596.56185173515,1746574.313569248,54647.41407345136,3742213.0904407953,0.0,0.0,0.0,0.0,0.0,171.68931977506554,0.0,0.0,0.0,0.0,647844.6723788521,57.68170564197841,94208.68000200948,0.0,1339089.0165693136,0.0,0.0,0.0,0.0,2829820.4495491465,0.0,641191.4306896307,560034.7224348582,4859.930687735761,2556656.219670468,9212.005162699268,55.6932096020838,0.0,2037.8926172664,2700620.402792769,1990859.67581852,57135.801794834326,163.85329174010113,0.0,119579.50528863496,0.0,0.0,0.0,37.32712193525851,0.0,0.0,0.0,6707430.842721865,0.0,13170816.370972443,0.0,0.0,0.0,0.0,72527.14756343442,0.0,38055.13787852638,14231.89156374531,0.0,426624.8572545006,13395.205338323743,2180258.486188937,1605676.408995449
2010,0.0,0.0,251313.91999811787,0.0,0.0,0.0,3753235.1239770073,54.00482388009095,0.0,0.0,0.0,50.15133750524279,0.0,0.0,420320.3391348262,0.0,9581758.869166734,0.0,0.0,1579669.7604352932,3845162.217909016,0.0,0.0,35527.922401228745,585613.4094037456,0.0,1364.5394145440823,2692.946648713601,0.0,309.9851178700016,0.0,25693867.731183883,1838925.73016084,898514.2716353773,0.0,10159575.926066112,0.0,0.0,6334372.821166406,8398.951914341082,226558.8623710618,235.26687680499805,0.0,167.8557190194368,0.0,0.0,0.0,1852.7654667869529,0.0,0.0,4067.860486118749,11.003526041587085,4623.939140952124,0.0,0.0,45495.463298621406,0.0,10374196.99522209,0.0,0.0,0.0,0.0,350217.18486435444,0.0,0.0,0.0,9584735.225713748,0.0,316394.4731693974,4175484.2661612937,275517.4804408008,0.0,18230.04137962202,0.0,199816.694738979,44365.74143409605,19968.581525174955,0.0,465582.140139114,0.0,1423030.261167735,0.0,0.0,20089388.83822573,0.0,1846.0509521009208,0.0,0.0,0.0,0.0,0.0,2644770.316748307,3.0227255720495427,329416.9278573543,0.0,126651.04060042136,0.0,37412.29470706058,1715.9862700360911,0.0,0.0,54848.527009102174,0.0,0.0,1555.9262846031722,1358419.1411715494,0.0,0.0,0.0,0.0,0.0,3.00540926862116,0.0,0.0,0.0,1923012.6829468312,0.0,0.0,6390916.351415545,1195222.0745217393,0.0,0.0,115102.7148281293,0.0,0.0,0.0,5516243.488144225,3205.893171008653,7216.626414989357,8623192.370715668,2624.7012058139585,6670551.154653445,63196976.73084678,1535.300287631706,0.0,0.0,31091.88080325725,0.0,0.0,0.0,23.886665393930667,844.652190525926,72045.82123840129,1237483.6822612016,49831.23165720906,5224880.156748735,0.0,0.0,0.0,0.0,0.0,38.775089192172686,0.0,0.0,0.0,0.0,743916.7009469066,28.986384606996094,111410.93548078868,0.0,1301071.877848612,0.0,0.0,0.0,0.0,2936465.53392927,0.0,969505.3535627314,619097.0736306079,3310.872883529826,2627168.7133326484,4132.884439149793,43.41016346214035,0.0,1459.553736707137,2798358.733348764,1927633.795256015,71828.77909562112,111.9439429879583,0.0,116268.81508812364,0.0,0.0,0.0,0.0,0.0,0.0,0.0,6265707.421654059,0.0,12982247.756680954,0.0,0.0,4.030559979592965,0.0,89489.13671899763,0.0,41152.64011641903,19380.60410211269,0.0,826862.6420060832,17295.651025450054,2310448.8654560307,1550186.4415873557
2011,0.0,0.0,299079.96166489687,0.0,0.0,0.0,3597515.8899122304,0.0,0.0,0.0,0.0,4.096982713293257,0.0,0.0,391143.0862732564,0.0,9619657.400253458,0.0,0.0,1601804.896547293,3704722.423468444,0.0,0.0,21109.96908085319,483271.3417630422,0.0,671.2798383551852,795.2668248908326,0.0,153.9077787003624,0.0,24954479.974260647,1838776.29684449,929122.7163963435,0.0,10178050.10486351,0.0,0.0,6121310.17762533,3385.595469931501,128056.81373702583,25.0802666422865,0.0,22.204629349840708,0.0,0.0,0.0,71.80518678627426,0.0,0.0,2661.2197656655785,4.001673881378348,3181.0049164489938,0.0,0.0,58935.24354686046,0.0,9813762.262873774,0.0,0.0,0.0,0.0,389724.930658584,0.0,0.0,0.0,10052561.072036458,0.0,577575.4370654536,4428876.600106047,286723.7702141318,0.0,16490.444171842326,0.0,213013.57068826217,63338.76561319221,15234.474351446002,0.0,211253.9035067344,0.0,1238712.8691645348,0.0,0.0,17387638.067827553,0.0,1709.8160648536934,0.0,0.0,0.0,0.0,0.0,2779170.682844069,0.0,317741.9658633327,0.0,97626.8506597871,0.0,44614.21602859777,774.7056818286221,0.0,0.0,38444.25993907575,0.0,0.0,124.01002968295316,1356308.6088934436,0.0,0.0,0.0,0.0,0.0,0.0,0.0,0.0,0.0,1838325.866328064,0.0,0.0,6903774.559705463,997457.1438372274,0.0,0.0,162233.6940872644,0.0,0.0,0.0,5477093.122381664,2889.1830204972143,3804.835567423503,8736683.553940117,3142.093472189023,7162498.488391222,60917847.99494477,2029.9809733642253,0.0,0.0,17438.71546450382,0.0,0.0,0.0,11.826377678115938,704.1248537788749,58123.80207115581,1064757.332555165,25741.73542148806,6519614.839498412,0.0,0.0,0.0,0.0,0.0,0.0,0.0,0.0,0.0,0.0,754994.9997175282,68.96962497244728,75312.75599005506,0.0,1322911.7031663232,0.0,0.0,0.0,0.0,2983780.7378571746,0.0,850782.9230547558,519577.1302224613,1533.6883867817166,2759470.0079757445,13138.466860615275,27.31406901083544,0.0,994.5587351811956,2733263.5103496048,1976563.8220402007,67109.76215111392,78.00607097846009,0.0,36105.57745744162,0.0,0.0,0.0,0.0,0.0,0.0,0.0,5895156.126162377,0.0,12831903.896515071,0.0,0.0,0.0,0.0,94587.4815952502,0.0,38491.964989314205,12936.548052494856,0.0,722077.7963242594,21149.73715412749,2561838.7170080254,1081379.4332698504
2012,0.0,0.0,192941.2699397338,0.0,0.0,0.0,3691683.061352425,0.0,0.0,0.0,0.0,3.124168918720514,0.0,0.0,234073.86094580617,0.0,9512639.9781279,0.0,0.0,1658141.1452837628,3669262.5775668975,0.0,0.0,27994.748114955182,443236.900687991,0.0,269.60831533909897,359.563707322465,0.0,67.9303004027965,0.0,23840836.042900342,1854843.7502985687,959888.1535722284,0.0,8533811.062050784,0.0,0.0,6128508.201557047,1530.8356117824426,178827.81057847687,10.496770895073544,0.0,2.993743790356984,0.0,0.0,0.0,39.41426691333082,0.0,0.0,1572.3760265639048,59.008962558183065,1408.9085740414905,0.0,0.0,39902.58957503636,0.0,9974439.555562198,0.0,0.0,0.0,0.0,401610.8109767745,0.0,0.0,0.0,10116589.129293349,0.0,654535.1138447529,4573730.958310668,320731.2348479614,0.0,13322.274638088713,0.0,213728.6029919079,69440.557614792,13046.854295266869,0.0,162467.49960223786,0.0,1217545.9195039996,0.0,0.0,13868604.10100122,0.0,785.9417972354954,0.0,0.0,0.0,0.0,0.0,2970973.439861965,0.0,208451.24296645413,0.0,117457.35688552324,0.0,59903.7493810079,508.7934606365236,0.0,0.0,103511.0929878318,0.0,0.0,23.00315631656911,1339792.0523327377,0.0,0.0,0.0,0.0,0.0,0.0,0.0,0.0,0.0,1966017.4859060035,0.0,0.0,7481118.133318404,1382746.3977043745,0.0,0.0,93486.67775446048,0.0,0.0,0.0,4972998.419892093,2181.912544872728,2515.3527577699274,8966077.767699882,458.6693317044853,7504110.865727375,58521536.85733228,2687.3556706012096,0.0,0.0,14558.261548277556,0.0,0.0,0.0,18.03406822918012,1688.4075400552106,67487.90603894494,1096712.7434278934,20737.34039288835,5646050.403652615,0.0,0.0,0.0,0.0,0.0,0.0,0.0,0.0,0.0,0.0,665648.9837463732,81.98794556822394,61964.75572504034,0.0,1367228.7863902373,0.0,0.0,0.0,0.0,2976000.8916485743,0.0,1028599.0816142656,541177.2743021235,1154.3455369639623,2815870.9826247967,20092.407493260805,28.76553539544565,0.0,1093.3961043155384,2700626.7292319005,2233885.1585625294,77879.49897670392,28.02139547885001,0.0,8426.320233129716,0.0,0.0,0.0,0.0,0.0,0.0,0.0,5726688.298346904,0.0,12545760.56927411,0.0,0.0,0.0,0.0,112440.37100363626,0.0,44601.21544095819,9990.211855386444,0.0,814030.9240822825,14492.98388310114,2952582.1936053,919084.8109016668
2013,0.0,0.0,201796.4701336889,0.0,0.0,0.0,3942481.866002724,0.0,0.0,0.0,0.0,0.0,0.0,0.0,214456.3445403655,0.0,8932235.42461332,0.0,0.0,1804126.403655805,3790942.1863569072,0.0,0.0,23436.69194667924,322997.1659673277,0.0,48.47720702441498,874.5618944789646,0.0,43.61099805396682,0.0,22648369.231870454,1863046.989913848,996666.0242632168,0.0,6711434.353805504,0.0,0.0,6451028.617503944,1077.312544025811,103772.4427415667,1.9900934927210296,0.0,56.62772540886568,0.0,0.0,0.0,2559.691728045977,0.0,0.0,797.165483892542,6.569127057944562,1015.3025762141656,0.0,0.0,24119.02282453849,0.0,10377227.094204202,0.0,0.0,0.0,0.0,396499.36008081,0.0,0.0,0.0,9726409.882452792,0.0,589669.4273390172,4464448.9656958105,357023.611256692,0.0,15553.61926003173,0.0,209376.8817277572,87127.34281203896,10864.087402734776,0.0,147113.60627153466,0.0,995688.5473562676,0.0,0.0,10890643.453593733,0.0,518.8593321107501,0.0,0.0,0.0,0.0,0.0,3134225.01072693,0.0,129308.8564463222,0.0,106258.4350883811,0.0,37931.20226068018,393.6791071848105,0.0,0.0,82847.38677430768,0.0,0.0,0.0,1407265.922790451,0.0,0.0,0.0,0.0,0.0,0.0,0.0,0.0,0.0,2234615.672079661,0.0,0.0,7786480.587371261,973086.726119451,0.0,0.0,119087.9598056866,0.0,0.0,0.0,4614689.752119424,1300.713145128523,1328.6056102024652,9197458.318994312,7910.376925775534,7581917.511181138,56835627.84053724,2487.537080424735,0.0,0.0,11488.130674874725,0.0,0.0,0.0,8.828651681080366,1427.654368632269,157221.67770123194,1639679.2278822626,19291.965223402032,4375999.692360159,0.0,0.0,0.0,0.0,0.0,0.0,0.0,0.0,0.0,0.0,566554.8532056158,28.884157810356143,63999.39022081709,0.0,1469503.17106371,0.0,0.0,0.0,0.0,2926111.659772384,0.0,945697.91735798,656436.9431207015,1385.558402417406,2877683.3381065377,17604.472709930338,21.7005496449407,0.0,2344.0988750560527,2721062.250501831,2542938.74615879,66392.12946539649,4.006217316202266,0.0,1851.450750891544,0.0,0.0,0.0,0.0,0.0,0.0,0.0,6285402.367575725,0.0,11545497.669423614,0.0,0.0,0.0,0.0,168249.61092949173,0.0,37735.66678596763,6013.773928710392,0.0,747668.9891574132,30235.609115716343,3490820.5467160325,1340507.0719362174
2014,0.0,0.0,291268.8126496813,0.0,0.0,0.0,4237451.052444533,0.0,0.0,0.0,0.0,0.0,0.0,0.0,418299.0789379017,0.0,8409385.593061494,0.0,0.0,1948971.592020812,3973531.179179982,0.0,0.0,29800.99731024916,282271.636101826,0.0,92.79382671084264,2479.1365826738306,0.0,41.4258195476113,0.0,22247530.00888265,1812850.519741982,993351.2331763651,0.0,6121167.05352467,0.0,0.0,6655495.004608459,54.89040710188592,82091.68339084799,1.021368280005461,0.0,70.9303163019699,0.0,0.0,0.0,21604.43520483237,0.0,0.0,775.3377237464283,0.0,660.7278108596142,0.0,0.0,52445.22585896528,0.0,5822770.740146753,0.0,0.0,0.0,0.0,389027.1560236453,0.0,0.0,0.0,9088980.733140158,0.0,384174.8290973032,4370061.620342313,369972.43918841664,0.0,21112.726204803035,0.0,186864.1007738489,37512.6770955996,7463.349191491571,0.0,94348.28256084672,0.0,735196.6615921061,0.0,0.0,11271323.601101734,0.0,375.42096289004206,0.0,0.0,0.0,0.0,0.0,3198568.3833576483,0.0,197845.12318239087,0.0,4339.363288562721,0.0,28439.537850344528,557.4817635728982,0.0,0.0,102564.20577427004,0.0,0.0,0.0,1538172.335582913,0.0,0.0,0.0,0.0,0.0,0.0,0.0,0.0,0.0,2432396.4231336364,0.0,0.0,7736011.682142239,559957.7757760193,0.0,0.0,251744.4800695628,0.0,0.0,0.0,4290609.078570801,1690.7826365704789,750.759568498449,9195968.989204133,25787.049896128283,7739096.895573987,56596793.27491111,2432.205849651441,0.0,0.0,5726.809400961609,0.0,0.0,0.0,12.258718974178976,1933.5746482723423,210700.0396755337,1510573.1191252137,16134.70418244901,3856676.932063913,0.0,0.0,0.0,0.0,0.0,0.0,0.0,0.0,0.0,0.0,549263.353690318,50.979501185964175,39472.20698552908,0.0,1651461.9504901187,0.0,0.0,0.0,0.0,2887557.43381306,0.0,600880.4772146237,787343.4390483187,811.5057404369014,2818489.762614594,3460.778466435844,20.3789552058451,0.0,888.1276592249113,2857818.4496588088,2621979.700801747,65308.15466355663,2.004822993545325,0.0,617.4259790171501,0.0,0.0,0.0,0.0,0.0,0.0,0.0,7054731.845201295,0.0,10862620.123095091,0.0,0.0,0.0,0.0,202737.48777934883,0.0,35198.03334694935,2554.8536869416635,0.0,874191.7926052889,29212.81873545836,3709526.638225804,1781484.1266523916
2015,0.0,0.0,412089.2314980421,0.0,0.0,0.0,4697221.538344169,0.0,0.0,0.0,0.0,0.0,0.0,0.0,293658.09064946906,0.0,8097923.378387812,0.0,0.0,2193472.707834458,4338959.513195067,0.0,0.0,18440.849162247792,330170.5250655279,0.0,123.05489901723666,564.7672676585564,0.0,20.73085691665041,0.0,23123433.20011748,1716215.2954811708,1005599.1366853976,0.0,5804697.581691613,0.0,0.0,6865239.9736118615,53.43146549055663,112409.86524356795,0.0,0.0,18.443945558297727,0.0,0.0,0.0,21153.044986696845,0.0,0.0,1002.4755881492088,0.0,1594.6263395539308,0.0,0.0,32053.88214897257,0.0,5474714.746159008,0.0,0.0,0.0,0.0,384785.8097807144,0.0,0.0,0.0,8239744.214683664,0.0,532504.8635744563,4321154.958801937,377383.9433253429,0.0,14420.817716601738,0.0,161645.6396905633,33612.0158553621,7766.521025689034,0.0,93505.55293857308,0.0,771653.0500531159,0.0,0.0,12029163.440572822,0.0,166.9221441221684,0.0,0.0,0.0,0.0,0.0,3190602.872182681,0.0,197699.2331176925,0.0,3758.7005860284135,0.0,18425.808265880507,626.0744761427053,0.0,0.0,72189.45739238517,0.0,0.0,0.0,1630584.9186123624,0.0,0.0,0.0,0.0,0.0,0.0,0.0,0.0,0.0,2452090.644600661,0.0,0.0,7278627.678561895,435767.6884304406,0.0,0.0,325338.263757572,0.0,0.0,0.0,4050637.244845983,1427.5128377295257,361.4212941725944,9260095.880487422,15152.871666114896,7920740.922681122,57523176.91964411,4988.544259389117,0.0,0.0,6284.8327059909325,0.0,0.0,0.0,16.854141009924795,1051.2378547143296,160155.28216716446,1040945.420914212,27487.907251945384,3454793.65324557,0.0,0.0,0.0,0.0,0.0,0.0,0.0,0.0,0.0,0.0,586419.4590796878,82.94837406071689,51350.315208364846,0.0,1849767.6723163887,0.0,0.0,0.0,0.0,2892756.64137457,0.0,979409.1007080764,968063.29824712,249.84970943197183,2763741.9996637465,3685.452085075257,17.506788142684155,0.0,745.9149529140115,2983050.01493608,2605008.136050933,14678.35497241501,0.0,0.0,121.727020269032,0.0,0.0,0.0,0.0,0.0,0.0,0.0,7111337.136833839,0.0,9862732.35691962,0.0,0.0,0.0,0.0,444837.23004123993,0.0,20781.011402699434,1017.2935905256056,0.0,831113.024362021,11573.44916784,3629337.639480955,1745733.7490445976
2016,0.0,0.0,653815.4078041697,0.0,0.0,0.0,5324293.849117717,0.0,0.0,0.0,0.0,0.0,0.0,0.0,207660.7727118445,0.0,7431885.501657085,0.0,0.0,2587733.5135905505,4826406.151205796,0.0,0.0,14598.673446517085,303199.42518991214,0.0,43.08094083066741,1289.5445029892066,0.0,9.276261247460026,0.0,24466283.16368505,1667082.733144928,1057192.705564598,0.0,6009439.642663588,0.0,0.0,7040152.811031404,1.231181462882776,164668.90775772737,4.000223028200195,0.0,125.51153717049876,0.0,0.0,0.0,30380.109766444748,0.0,0.0,834.0116666486281,0.0,3075.050374251476,0.0,0.0,40605.60228834296,0.0,4101828.988879705,0.0,0.0,0.0,0.0,382817.5813200518,0.0,0.0,0.0,7190398.849945253,0.0,336897.6748825334,4223635.266143123,368145.5767421344,0.0,14222.880490477875,0.0,139389.03791018444,37122.30252699663,9039.16860433378,0.0,101398.19206983002,0.0,708968.1349108666,0.0,0.0,12099033.674277415,0.0,93.9436623583917,0.0,0.0,0.0,0.0,0.0,3048548.280120288,0.0,131671.58280773647,0.0,2876.784355477056,0.0,13820.942010265848,598.6752700636656,0.0,0.0,31354.92457586915,0.0,0.0,0.0,1823514.309686052,0.0,0.0,0.0,0.0,0.0,0.0,0.0,0.0,0.0,2372371.886292443,0.0,0.0,6733545.026240898,260167.97561835643,0.0,0.0,419822.6196372188,0.0,0.0,0.0,3898384.018320449,1488.660005941899,381.1937125379182,9324877.617644724,33226.697787048804,7890623.44040206,59447556.53639598,12914.869889880234,0.0,0.0,4276.142882786035,0.0,0.0,0.0,19.74522142189593,1507.2108721986915,140497.09271169183,1422901.4402364057,17734.815417731796,3999816.4406986497,0.0,0.0,0.0,0.0,0.0,0.0,0.0,0.0,0.0,0.0,685359.2142506108,271.8019704423787,109506.16907844284,0.0,2275524.875779789,0.0,0.0,0.0,0.0,2966464.881003892,0.0,698454.4949648218,1001020.9454102695,166.77416696258817,2679572.9758052747,3933.366112754644,20.26604043386716,0.0,558.7895648025401,3114821.0621371283,2427946.3894067607,13511.74725035263,0.0,0.0,124.26231656616262,0.0,0.0,0.0,0.0,0.0,0.0,0.0,6823523.33386419,0.0,10626336.453465983,0.0,0.0,0.0,0.0,646152.8021066135,0.0,9323.80119843872,4134.257737870447,0.0,1114746.8797209256,12564.50274461476,3510165.223669192,1295565.3319506086
2017,0.0,0.0,770026.2893684843,0.0,0.0,0.0,6213186.572760521,0.0,0.0,0.0,0.0,0.0,0.0,0.0,219083.1356835895,0.0,7299357.380792847,0.0,0.0,2852422.2004135214,5001892.676239474,0.0,0.0,13359.433304291942,461813.5915381626,0.0,32.36695032135309,3660.9737888804375,0.0,16.515364282154792,0.0,25720691.21896483,1667976.6856969516,1156474.7834317926,0.0,6369192.381988971,0.0,0.0,7101969.645664299,0.0,107367.22080685696,12.001285127224874,0.0,1063.416788802091,0.0,0.0,0.0,33057.15919120215,0.0,0.0,619.0103314286955,0.0,3953.320172872217,0.0,0.0,54490.66781534782,0.0,3656856.165848894,0.0,0.0,0.0,0.0,389041.8741602195,0.0,0.0,0.0,6221227.962761815,0.0,169271.2554636088,4305412.915460218,351364.4393044075,0.0,11836.117671441829,0.0,122596.8515862051,52266.67071232894,2981.56683433677,0.0,103411.92842314416,0.0,862137.3316970464,0.0,0.0,9140976.215335883,0.0,71.02570720684463,0.0,0.0,0.0,0.0,0.0,2992753.869529146,0.0,243243.36943257976,0.0,7624.1281851376925,0.0,12912.73279822829,431.16148439730745,0.0,0.0,17423.92554756572,0.0,0.0,0.0,1999309.856509392,0.0,0.0,0.0,0.0,0.0,0.0,0.0,0.0,0.0,2357078.170955139,0.0,0.0,6155496.941829896,204371.98156561083,0.0,0.0,315720.7565259457,0.0,0.0,0.0,3862992.39102802,2051.719254984204,160.20335247447886,9215698.782127704,91686.94217781858,7717880.013598326,62060701.79666481,22843.343858280667,0.0,0.0,4374.971577461242,0.0,0.0,0.0,26.59041568468527,1291.750746557116,128322.81722928192,1477184.5568991343,18013.811747314197,4471430.408002575,0.0,0.0,0.0,0.0,0.0,0.0,0.0,0.0,0.0,0.0,797450.6015658076,176.75377493534,102205.3134561822,0.0,2346246.72342487,0.0,0.0,0.0,0.0,2950609.11521278,0.0,764599.3774066907,1035283.906974833,55.43503251277091,2618558.416822072,3916.794809419066,0.0,0.0,1004.7036250222808,3264095.932116989,2124757.876205313,10493.074169604655,0.0,0.0,25.54957757690815,0.0,0.0,0.0,0.0,0.0,0.0,0.0,6623548.23985989,0.0,10650204.23401303,0.0,0.0,0.0,0.0,1123253.038500543,0.0,10545.5347128687,2322.2677308531106,0.0,1561132.378121643,66437.71417930095,3259391.722037432,1921566.1451289773
2018,0.0,0.0,614665.1455377722,0.0,0.0,0.0,6829859.07774239,0.0,0.0,0.0,0.0,0.0,0.0,0.0,82163.65201320013,0.0,7492681.405370509,0.0,0.0,3388363.475110481,5015071.678381567,0.0,0.0,16594.369158744077,498119.9455683189,0.0,17.20117127405223,1063.738196930001,0.0,6.005067859453274,0.0,27020308.416888256,1664631.549351514,1228593.9418481104,0.0,6872786.963569038,0.0,0.0,7211849.837717482,0.0,128258.37494843623,69.99064638070284,0.0,5.0240967523719045,0.0,0.0,0.0,55680.5285054069,0.0,0.0,791.744839236334,0.0,4872.6746167258325,0.0,0.0,46793.45218121652,0.0,2769541.02441865,0.0,0.0,0.0,0.0,394932.8761543429,0.0,0.0,0.0,5543576.000923833,0.0,181589.44763125115,4437856.064121254,332051.96919138764,0.0,8849.33696342114,0.0,126061.62526036034,61939.022989951554,1518.501004653897,0.0,61530.19588087692,0.0,782704.9978551154,0.0,0.0,6776219.242822271,0.0,23.0839819070078,0.0,0.0,0.0,0.0,0.0,2891809.999188069,0.0,204476.226305249,0.0,32376.77091603121,0.0,11070.08852248642,492.2114662267854,0.0,0.0,18929.82159846999,0.0,0.0,0.0,2031978.5022481936,0.0,0.0,0.0,0.0,0.0,0.0,0.0,0.0,0.0,2342799.420850192,0.0,0.0,5911427.789022479,184560.7311893472,0.0,0.0,332264.88577150344,0.0,0.0,0.0,3811422.935277188,2202.964488226231,0.0,9179138.415521862,53227.41848635186,7595252.049461879,64239735.01521098,35189.640346041946,0.0,0.0,3263.4696522600343,0.0,0.0,0.0,35.36241874446209,12957.760734801406,115071.11490637022,1594428.112548447,13306.848039379232,4133381.1419151095,0.0,0.0,0.0,0.0,0.0,0.0,0.0,0.0,0.0,0.0,806743.9863148949,193.85156843868128,117510.66091240276,0.0,2681429.3428728087,0.0,0.0,0.0,0.0,2985607.20011453,0.0,978893.3326021648,1077301.162672011,81.56982444534063,2481137.9221378425,4976.873133024073,0.0,0.0,1630.679317213742,3485335.9457483995,1961905.377731635,7643.855018515174,0.0,0.0,0.0,0.0,0.0,0.0,0.0,0.0,0.0,0.0,6431810.5443122685,0.0,10292668.906298954,0.0,0.0,0.0,0.0,1195982.8336363258,0.0,7646.395895019722,1225.4081783434392,0.0,1955788.0433940785,29746.1388573546,3259532.9139863034,1095118.876514121
2019,0.0,0.0,441855.02700476575,0.0,0.0,0.0,7447060.30480627,0.0,0.0,0.0,0.0,0.0,0.0,0.0,124711.76460799488,0.0,7696754.30223588,0.0,0.0,3655968.042799946,5099511.935442137,0.0,0.0,24482.336708981013,499662.7998998345,0.0,6.7304183793286985,346.57477442038686,0.0,0.0,0.0,27915734.257123694,1667804.2551503156,1225530.5548124618,0.0,7326756.667579356,0.0,0.0,7267548.790801547,0.0,162912.94834794625,99.99583922632826,0.0,0.6644834776608629,0.0,0.0,0.0,108002.6160215514,0.0,0.0,2437.697833402366,0.0,5495.83093236298,0.0,0.0,94734.4912940167,0.0,2301409.8411592,0.0,0.0,0.0,0.0,401828.0653353261,0.0,0.0,0.0,5495584.888949836,0.0,107567.92455040998,4361073.406027135,318959.6439985337,0.0,6832.917939418976,0.0,147503.28018587056,87078.82301675537,858.6202907314936,0.0,72190.7996762015,0.0,935513.0169566096,0.0,0.0,5504742.577463577,0.0,82.95046658204522,0.0,0.0,0.0,0.0,0.0,2846782.4896088005,0.0,112170.17954561667,0.0,36464.97505806153,0.0,5911.450954676717,473.1046105601401,0.0,0.0,14581.349577762376,0.0,0.0,0.0,2026389.1632266208,0.0,0.0,0.0,0.0,0.0,0.0,0.0,0.0,0.0,2430802.956735507,0.0,0.0,5836340.907240262,148796.12103605596,0.0,0.0,229817.9812678712,0.0,0.0,0.0,3816056.6489030896,1864.2138617957828,0.0,9175440.105593633,33826.3239403681,7469463.949351425,66394919.98611953,29755.36620448753,0.0,0.0,863.8874814416222,0.0,0.0,0.0,50.4758805765012,2368.0823074553814,61834.61608910479,1492065.6606780223,16631.41327302394,4291834.186105844,0.0,0.0,0.0,0.0,0.0,0.0,0.0,0.0,0.0,0.0,674003.4835219743,122.86175591756172,150304.37338378243,0.0,3113406.517259134,0.0,0.0,0.0,0.0,2958653.5697484007,0.0,646293.1060958531,1228157.7505434435,325.856656025645,2681852.8239805605,4541.439241451,0.0,0.0,581.8946596501028,3526129.82284511,1912400.268225702,6131.334660148636,0.0,0.0,0.0,0.0,0.0,0.0,0.0,0.0,0.0,0.0,6565078.531442904,0.0,10588100.300587945,0.0,0.0,0.0,0.0,1081699.848931408,0.0,7983.538917159004,1129.172018933256,0.0,2032586.6616965684,9620.995816366169,3261256.6794107934,1244942.0718186814
2020,0.0,0.0,258160.9440119509,0.0,0.0,0.0,7605824.899213838,0.0,0.0,0.0,0.0,0.0,0.0,0.0,47494.65409464287,0.0,8373005.141971087,0.0,0.0,3851921.558595681,4956113.3799502365,0.0,0.0,29364.148036499173,526066.3145185256,0.0,59.68018591890993,1792.5743452086087,0.0,0.0,0.0,26640256.67212168,1646082.489581349,1199203.7573210185,0.0,7535444.099327638,0.0,0.0,7703263.252210648,0.0,170332.33758667763,107.0079523051683,0.0,0.0,0.0,0.0,0.0,160013.76825283555,0.0,0.0,1716.291558557586,0.0,6864.868203640174,0.0,0.0,74874.9437291645,0.0,3949033.146328716,0.0,0.0,0.0,0.0,411004.533078193,0.0,0.0,0.0,5593782.944177947,0.0,152568.8828360967,4356409.78858445,323822.46987696266,0.0,3383.9226914835926,0.0,190391.0417496244,72078.5467005759,2002.4992545404384,0.0,138283.4486975213,0.0,916007.7865062178,0.0,0.0,3174059.621345827,0.0,172.80166525589368,0.0,0.0,0.0,0.0,0.0,3073408.921832354,0.0,56622.9763749718,0.0,9479.45825324781,0.0,6011.088874530703,349.69812149379874,0.0,0.0,7680.42607968018,0.0,0.0,0.0,1990281.2512469727,0.0,0.0,0.0,0.0,0.0,0.0,0.0,0.0,0.0,2585144.074625404,0.0,0.0,6591124.840890766,153702.33429264295,0.0,0.0,246588.1498544292,0.0,0.0,0.0,4191057.498953382,1004.732836504134,0.0,9701699.20848482,21645.94699595657,7679885.067291431,70747499.86915338,55947.3614097432,0.0,0.0,517.032661195522,0.0,0.0,0.0,74.13198948783767,4331.7403566545945,47105.29138734184,1906617.9329579903,17075.24046135358,3863967.8858865,0.0,0.0,0.0,0.0,0.0,0.0,0.0,0.0,0.0,0.0,510877.0125698,204.7508968066441,161351.6562219855,0.0,3313086.544789739,0.0,0.0,0.0,0.0,2911439.861203812,0.0,801481.7098917089,1184869.3341493262,541.9702284200138,2597327.43229345,3221.5535877113584,0.0,0.0,558.6585338812633,3525293.073185021,1988440.3027116656,5807.722564072627,0.0,0.0,4.658943969700506,0.0,0.0,0.0,0.0,0.0,0.0,0.0,7040278.327189032,0.0,10001599.546779534,0.0,0.0,0.0,0.0,612287.2618021303,0.0,3488.4325145216385,971.793185881962,0.0,2126354.824113622,14393.836402051567,3384577.1643517595,1515632.342476352
2021,0.0,0.0,213265.7373825968,0.0,0.0,0.0,7950609.79543987,0.0,0.0,0.0,0.0,0.0,0.0,0.0,57438.16425095954,0.0,8594162.42478013,0.0,0.0,3821730.656649565,5186358.675619541,0.0,0.0,7503.7855754581105,512283.0989942517,0.0,64.46897497275275,2900.4580046180868,0.0,0.0,0.0,26756910.19815945,1669883.1001188587,1170267.1110524803,0.0,7572558.817178338,0.0,0.0,7799106.885220477,0.0,116791.53525504844,356.8174241366425,0.0,51.34099483948964,0.0,0.0,0.0,128243.27848700604,0.0,0.0,2305.037346098991,0.0,6539.499758900035,0.0,0.0,44287.33542594064,0.0,3202830.1861505923,0.0,0.0,0.0,0.0,414499.88106141466,0.0,0.0,0.0,5701382.393306212,0.0,155233.822565216,4423676.169635259,321023.31615043024,0.0,0.0,0.0,217427.67145655648,91996.49300566204,2625.450615739471,0.0,121342.1468356722,0.0,1184668.8005159532,0.0,0.0,4323027.501616434,0.0,1001.0870701905194,0.0,0.0,0.0,0.0,0.0,3154201.8463080064,0.0,16186.455803608456,0.0,12383.834468718753,0.0,7696.925183363743,439.0081769656597,0.0,0.0,8657.202019184086,0.0,0.0,0.0,1932161.124633212,0.0,0.0,0.0,0.0,0.0,0.0,0.0,0.0,0.0,2719663.532001958,0.0,0.0,6762512.078415984,202892.80010722944,0.0,0.0,108913.20530318824,0.0,0.0,0.0,4287598.801079422,692.6138808507465,0.0,9958909.29988982,24238.707781442547,7996585.306717024,71275230.81768726,156577.83987897204,0.0,0.0,2586.173808376904,0.0,0.0,0.0,120.60646623243412,5373.125882340859,70374.94568892375,2141456.476411308,13955.756145024628,4025398.3733995287,0.0,0.0,0.0,0.0,0.0,0.0,0.0,0.0,0.0,0.0,560955.0060354582,199.3576232084728,204460.97531850328,0.0,3595545.132011589,0.0,0.0,0.0,0.0,2908590.684681508,0.0,964429.8331845804,1441048.2165666784,1181.8017212894235,2570192.309052744,4654.007017878756,0.0,0.0,1344.038582173402,3621415.081370247,1986516.4550724244,6265.778030870624,0.0,0.0,0.0,0.0,0.0,0.0,0.0,0.0,0.0,0.0,7349549.863548099,0.0,10269172.402318932,0.0,0.0,0.0,0.0,498960.3151928947,0.0,1302.9273508766023,652.9766129038557,0.0,2197872.9059239454,25637.585558755,3489183.0910403766,585033.2330117767
