DATE,AdjustedOpeningPriceFSLR
2006-11-17,24.5
2006-11-20,24.69
2006-11-21,25.0
2006-11-22,24.57
2006-11-24,27.0
2006-11-27,28.39
2006-11-28,28.53
2006-11-29,28.5
2006-11-30,28.8
2006-12-01,28.3
2006-12-04,28.0
2006-12-05,27.62
2006-12-06,26.8
2006-12-07,27.7
2006-12-08,27.5
2006-12-11,27.32
2006-12-12,28.2
2006-12-13,27.3
2006-12-14,27.62
2006-12-15,28.36
2006-12-18,29.32
2006-12-19,28.0
2006-12-20,27.88
2006-12-21,27.5
2006-12-22,26.99
2006-12-26,27.63
2006-12-27,28.24
2006-12-28,28.72
2006-12-29,29.99
2007-01-03,30.17
2007-01-04,28.11
2007-01-05,28.65
2007-01-08,28.26
2007-01-09,29.0
2007-01-10,29.22
2007-01-11,29.19
2007-01-12,29.27
2007-01-16,29.56
2007-01-17,29.26
2007-01-18,29.27
2007-01-19,28.24
2007-01-22,27.75
2007-01-23,28.0
2007-01-24,29.07
2007-01-25,29.25
2007-01-26,29.71
2007-01-29,29.15
2007-01-30,31.1
2007-01-31,32.65
2007-02-01,32.53
2007-02-02,32.79
2007-02-05,31.2
2007-02-06,33.11
2007-02-07,32.79
2007-02-08,33.73
2007-02-09,33.91
2007-02-12,32.91
2007-02-13,33.52
2007-02-14,40.38
2007-02-15,44.08
2007-02-16,45.05
2007-02-20,44.97
2007-02-21,49.15
2007-02-22,51.2
2007-02-23,49.01
2007-02-26,49.7
2007-02-27,49.5
2007-02-28,49.55
2007-03-01,46.15
2007-03-02,47.53
2007-03-05,45.0
2007-03-06,45.36
2007-03-07,46.24
2007-03-08,49.73
2007-03-09,52.69
2007-03-12,51.99
2007-03-13,57.59
2007-03-14,53.53
2007-03-15,55.65
2007-03-16,52.83
2007-03-19,53.21
2007-03-20,52.49
2007-03-21,52.3
2007-03-22,55.4
2007-03-23,58.98
2007-03-26,59.09
2007-03-27,58.18
2007-03-28,54.9
2007-03-29,55.87
2007-03-30,53.2
2007-04-02,52.1
2007-04-03,55.88
2007-04-04,55.43
2007-04-05,57.09
2007-04-09,57.43
2007-04-10,57.47
2007-04-11,61.28
2007-04-12,61.73
2007-04-13,63.29
2007-04-16,61.87
2007-04-17,64.24
2007-04-18,61.8
2007-04-19,60.55
2007-04-20,61.92
2007-04-23,61.16
2007-04-24,63.66
2007-04-25,64.0
2007-04-26,65.06
2007-04-27,63.0
2007-04-30,63.68
2007-05-01,58.99
2007-05-02,56.57
2007-05-03,59.28
2007-05-04,61.545
2007-05-07,66.95
2007-05-08,68.85
2007-05-09,68.01
2007-05-10,68.0
2007-05-11,69.17
2007-05-14,67.96
2007-05-15,64.93
2007-05-16,63.62
2007-05-17,63.86
2007-05-18,63.96
2007-05-21,62.5
2007-05-22,62.03
2007-05-23,65.84
2007-05-24,66.02
2007-05-25,65.56
2007-05-29,67.1
2007-05-30,65.95
2007-05-31,68.8
2007-06-01,68.55
2007-06-04,67.34
2007-06-05,68.74
2007-06-06,71.5
2007-06-07,71.71
2007-06-08,70.25
2007-06-11,71.22
2007-06-12,70.08
2007-06-13,72.0
2007-06-14,74.7
2007-06-15,76.2
2007-06-18,78.68
2007-06-19,78.62
2007-06-20,79.74
2007-06-21,80.78
2007-06-22,80.0
2007-06-25,84.85
2007-06-26,87.26
2007-06-27,87.33
2007-06-28,88.89
2007-06-29,90.76
2007-07-02,89.35
2007-07-03,95.24
2007-07-05,97.64
2007-07-06,94.82
2007-07-09,105.43
2007-07-10,116.25
2007-07-11,113.5
2007-07-12,114.0
2007-07-13,114.42
2007-07-16,114.49
2007-07-17,114.5
2007-07-18,108.12
2007-07-19,111.22
2007-07-20,108.09
2007-07-23,110.49
2007-07-24,107.06
2007-07-25,108.55
2007-07-26,106.4
2007-07-27,107.6
2007-07-30,112.0
2007-07-31,122.99
2007-08-01,102.87
2007-08-02,106.36
2007-08-03,101.63
2007-08-06,100.6
2007-08-07,96.88
2007-08-08,106.97
2007-08-09,106.02
2007-08-10,95.2
2007-08-13,96.0
2007-08-14,96.26
2007-08-15,90.64
2007-08-16,87.85
2007-08-17,85.0
2007-08-20,89.99
2007-08-21,94.01
2007-08-22,97.66
2007-08-23,98.68
2007-08-24,94.5
2007-08-27,97.5
2007-08-28,94.0
2007-08-29,92.49
2007-08-30,95.35
2007-08-31,102.6
2007-09-04,103.5
2007-09-05,106.4
2007-09-06,107.5
2007-09-07,102.89
2007-09-10,100.75
2007-09-11,101.0
2007-09-12,105.5
2007-09-13,98.85
2007-09-14,98.44
2007-09-17,99.0
2007-09-18,96.11
2007-09-19,102.42
2007-09-20,101.18
2007-09-21,104.59
2007-09-24,114.0
2007-09-25,111.28
2007-09-26,115.0
2007-09-27,115.71
2007-09-28,115.08
2007-10-01,120.0
2007-10-02,129.81
2007-10-03,129.49
2007-10-04,128.29
2007-10-05,135.28
2007-10-08,135.4
2007-10-09,139.9
2007-10-10,137.25
2007-10-11,138.89
2007-10-12,131.05
2007-10-15,138.08
2007-10-16,132.76
2007-10-17,143.04
2007-10-18,136.69
2007-10-19,141.22
2007-10-22,128.62
2007-10-23,141.6
2007-10-24,149.84
2007-10-25,150.0
2007-10-26,154.5
2007-10-29,154.5
2007-10-30,153.76
2007-10-31,152.72
2007-11-01,157.29
2007-11-02,152.85
2007-11-05,143.74
2007-11-06,164.26
2007-11-07,170.51
2007-11-08,221.19
2007-11-09,216.43
2007-11-12,200.5
2007-11-13,187.68
2007-11-14,195.78
2007-11-15,186.53
2007-11-16,192.83
2007-11-19,210.02
2007-11-20,216.88
2007-11-21,200.0
2007-11-23,215.77
2007-11-26,209.97
2007-11-27,214.52
2007-11-28,210.89
2007-11-29,215.96
2007-11-30,247.5
2007-12-03,237.89
2007-12-04,228.49
2007-12-05,222.978
2007-12-06,225.22
2007-12-07,220.36
2007-12-10,237.31
2007-12-11,249.66
2007-12-12,244.53
2007-12-13,246.39
2007-12-14,244.15
2007-12-17,252.08
2007-12-18,239.72
2007-12-19,245.87
2007-12-20,249.04
2007-12-21,250.23
2007-12-24,268.27
2007-12-26,272.4
2007-12-27,278.39
2007-12-28,278.0
2007-12-31,265.74
2008-01-02,269.46
2008-01-03,268.48
2008-01-04,255.6
2008-01-07,249.61
2008-01-08,237.2
2008-01-09,230.53
2008-01-10,226.1301
2008-01-11,227.83
2008-01-14,222.32
2008-01-15,217.75
2008-01-16,200.46
2008-01-17,181.22
2008-01-18,172.92
2008-01-22,156.4
2008-01-23,175.31
2008-01-24,159.39
2008-01-25,180.0
2008-01-28,169.9
2008-01-29,180.49
2008-01-30,191.0
2008-01-31,179.0
2008-02-01,182.3
2008-02-04,186.72
2008-02-05,188.0
2008-02-06,182.2
2008-02-07,168.295
2008-02-08,164.93
2008-02-11,180.17
2008-02-12,193.25
2008-02-13,214.57
2008-02-14,231.51
2008-02-15,221.96
2008-02-19,219.11
2008-02-20,205.43
2008-02-21,218.08
2008-02-22,207.2
2008-02-25,211.12
2008-02-26,217.0
2008-02-27,216.37
2008-02-28,215.02
2008-02-29,204.97
2008-03-03,204.5
2008-03-04,208.01
2008-03-05,204.56
2008-03-06,213.0
2008-03-07,204.42
2008-03-10,196.82
2008-03-11,184.45
2008-03-12,203.08
2008-03-13,199.01
2008-03-14,211.35
2008-03-17,190.5
2008-03-18,201.33
2008-03-19,204.0
2008-03-20,197.7
2008-03-24,195.0
2008-03-25,211.49
2008-03-26,218.55
2008-03-27,226.22
2008-03-28,233.39
2008-03-31,227.83
2008-04-01,237.32
2008-04-02,238.5
2008-04-03,246.41
2008-04-04,256.02
2008-04-07,286.56
2008-04-08,266.85
2008-04-09,273.63
2008-04-10,269.47
2008-04-11,267.69
2008-04-14,272.35
2008-04-15,283.94
2008-04-16,293.0
2008-04-17,292.65
2008-04-18,292.98
2008-04-21,285.59
2008-04-22,300.0
2008-04-23,301.51
2008-04-24,290.88
2008-04-25,284.75
2008-04-28,288.01
2008-04-29,284.0
2008-04-30,297.29
2008-05-01,285.0
2008-05-02,268.35
2008-05-05,274.38
2008-05-06,268.68
2008-05-07,284.32
2008-05-08,277.37
2008-05-09,284.0
2008-05-12,285.5
2008-05-13,293.0
2008-05-14,307.33
2008-05-15,312.0
2008-05-16,309.82
2008-05-19,311.93
2008-05-20,294.73
2008-05-21,292.18
2008-05-22,280.5
2008-05-23,268.7
2008-05-27,277.98
2008-05-28,261.5
2008-05-29,263.53
2008-05-30,272.5
2008-06-02,259.87
2008-06-03,255.72
2008-06-04,253.49
2008-06-05,246.26
2008-06-06,254.88
2008-06-09,252.63
2008-06-10,237.02
2008-06-11,247.32
2008-06-12,261.28
2008-06-13,265.73
2008-06-16,278.65
2008-06-17,279.57
2008-06-18,279.39
2008-06-19,277.25
2008-06-20,267.37
2008-06-23,275.17
2008-06-24,285.3
2008-06-25,292.0
2008-06-26,285.43
2008-06-27,269.97
2008-06-30,267.87
2008-07-01,265.9
2008-07-02,274.9
2008-07-03,246.12
2008-07-07,255.87
2008-07-08,255.3
2008-07-09,264.6
2008-07-10,266.78
2008-07-11,275.6
2008-07-14,285.02
2008-07-15,281.6
2008-07-16,290.64
2008-07-17,285.28
2008-07-18,280.0
2008-07-21,280.22
2008-07-22,276.0
2008-07-23,267.17
2008-07-24,263.0
2008-07-25,259.67
2008-07-28,261.47
2008-07-29,271.34
2008-07-30,279.8
2008-07-31,298.0
2008-08-01,286.64
2008-08-04,278.0
2008-08-05,266.0
2008-08-06,263.1
2008-08-07,268.14
2008-08-08,265.01
2008-08-11,257.02
2008-08-12,251.57
2008-08-13,250.75
2008-08-14,257.29
2008-08-15,265.46
2008-08-18,266.35
2008-08-19,259.83
2008-08-20,259.0
2008-08-21,271.12
2008-08-22,279.01
2008-08-25,273.29
2008-08-26,270.72
2008-08-27,272.89
2008-08-28,277.51
2008-08-29,276.94
2008-09-02,270.4
2008-09-03,258.63
2008-09-04,249.47
2008-09-05,231.99
2008-09-08,246.99
2008-09-09,215.75
2008-09-10,201.5
2008-09-11,198.14
2008-09-12,210.18
2008-09-15,200.98
2008-09-16,193.3
2008-09-17,214.03
2008-09-18,214.5
2008-09-19,242.37
2008-09-22,240.0
2008-09-23,224.35
2008-09-24,220.8
2008-09-25,220.01
2008-09-26,215.47
2008-09-29,195.33
2008-09-30,186.48
2008-10-01,198.0
2008-10-02,198.19
2008-10-03,180.17
2008-10-06,153.58
2008-10-07,139.21
2008-10-08,115.01
2008-10-09,132.43
2008-10-10,105.99
2008-10-13,130.27
2008-10-14,158.91
2008-10-15,135.97
2008-10-16,128.25
2008-10-17,134.79
2008-10-20,139.9
2008-10-21,139.25
2008-10-22,137.12
2008-10-23,137.97
2008-10-24,107.03
2008-10-27,116.37
2008-10-28,112.82
2008-10-29,116.49
2008-10-30,134.43
2008-10-31,141.61
2008-11-03,146.84
2008-11-04,169.99
2008-11-05,168.23
2008-11-06,146.0
2008-11-07,146.93
2008-11-10,149.85
2008-11-11,132.0
2008-11-12,121.01
2008-11-13,113.49
2008-11-14,120.86
2008-11-17,110.9
2008-11-18,114.31
2008-11-19,107.03
2008-11-20,93.54
2008-11-21,90.01
2008-11-24,98.69
2008-11-25,115.94
2008-11-26,115.3
2008-11-28,125.58
2008-12-01,118.72
2008-12-02,113.34
2008-12-03,111.1
2008-12-04,130.82
2008-12-05,118.52
2008-12-08,136.1
2008-12-09,127.08
2008-12-10,116.39
2008-12-11,117.13
2008-12-12,113.53
2008-12-15,118.67
2008-12-16,115.534
2008-12-17,124.58
2008-12-18,147.86
2008-12-19,141.49
2008-12-22,141.01
2008-12-23,134.92
2008-12-24,135.5
2008-12-26,135.15
2008-12-29,136.11
2008-12-30,136.57
2008-12-31,135.3
2009-01-02,137.0
2009-01-05,149.05
2009-01-06,157.46
2009-01-07,151.15
2009-01-08,146.61
2009-01-09,159.48
2009-01-12,159.45
2009-01-13,141.97
2009-01-14,137.01
2009-01-15,137.01
2009-01-16,147.25
2009-01-20,145.5
2009-01-21,141.38
2009-01-22,138.31
2009-01-23,131.75
2009-01-26,139.89
2009-01-27,143.46
2009-01-28,144.9999
2009-01-29,143.23
2009-01-30,142.73
2009-02-02,139.63
2009-02-03,141.0
2009-02-04,142.43
2009-02-05,143.9
2009-02-06,150.5
2009-02-09,146.98
2009-02-10,149.3
2009-02-11,148.0
2009-02-12,144.99
2009-02-13,145.6
2009-02-17,138.6
2009-02-18,135.75
2009-02-19,132.74
2009-02-20,128.23
2009-02-23,138.06
2009-02-24,127.5
2009-02-25,115.78
2009-02-26,109.83
2009-02-27,101.19
2009-03-02,103.52
2009-03-03,109.25
2009-03-04,116.49
2009-03-05,110.59
2009-03-06,110.89
2009-03-09,107.08
2009-03-10,110.73
2009-03-11,120.44
2009-03-12,117.0
2009-03-13,129.4
2009-03-16,132.18
2009-03-17,118.77
2009-03-18,114.9
2009-03-19,121.89
2009-03-20,125.5
2009-03-23,124.0
2009-03-24,130.17
2009-03-25,132.46
2009-03-26,136.95
2009-03-27,143.51
2009-03-30,137.51
2009-03-31,132.7
2009-04-01,130.0
2009-04-02,138.47
2009-04-03,137.27
2009-04-06,130.5
2009-04-07,134.1
2009-04-08,134.78
2009-04-09,139.36
2009-04-13,140.58
2009-04-14,143.75
2009-04-15,151.45
2009-04-16,151.48
2009-04-17,146.65
2009-04-20,140.64
2009-04-21,136.0
2009-04-22,139.4
2009-04-23,147.04
2009-04-24,143.0
2009-04-27,144.62
2009-04-28,152.97
2009-04-29,149.62
2009-04-30,175.0
2009-05-01,187.92
2009-05-04,181.61
2009-05-05,192.69
2009-05-06,194.7
2009-05-07,205.9
2009-05-08,198.49
2009-05-11,188.09
2009-05-12,195.25
2009-05-13,186.61
2009-05-14,181.315
2009-05-15,181.6
2009-05-18,178.99
2009-05-19,183.28
2009-05-20,193.85
2009-05-21,198.01
2009-05-22,196.0
2009-05-26,182.18
2009-05-27,180.49
2009-05-28,184.0
2009-05-29,186.0
2009-06-01,194.48
2009-06-02,187.61
2009-06-03,182.5
2009-06-04,179.85
2009-06-05,187.0
2009-06-08,179.0
2009-06-09,185.0
2009-06-10,184.41
2009-06-11,186.71
2009-06-12,182.95
2009-06-15,180.25
2009-06-16,180.41
2009-06-17,171.48
2009-06-18,169.71
2009-06-19,173.32
2009-06-22,170.8
2009-06-23,164.23
2009-06-24,166.44
2009-06-25,163.92
2009-06-26,158.33
2009-06-29,162.74
2009-06-30,159.0
2009-07-01,163.815
2009-07-02,151.9
2009-07-06,152.04
2009-07-07,149.98
2009-07-08,146.76
2009-07-09,150.7
2009-07-10,147.0
2009-07-13,144.0
2009-07-14,142.76
2009-07-15,143.0
2009-07-16,148.4
2009-07-17,145.05
2009-07-20,145.8
2009-07-21,150.41
2009-07-22,153.49
2009-07-23,154.63
2009-07-24,164.69
2009-07-27,172.55
2009-07-28,168.25
2009-07-29,166.0
2009-07-30,174.83
2009-07-31,156.04
2009-08-03,156.25
2009-08-04,154.48
2009-08-05,146.5
2009-08-06,152.02
2009-08-07,145.52
2009-08-10,146.25
2009-08-11,146.51
2009-08-12,145.48
2009-08-13,144.78
2009-08-14,144.3
2009-08-17,135.88
2009-08-18,138.52
2009-08-19,130.75
2009-08-20,130.36
2009-08-21,129.5
2009-08-24,123.5
2009-08-25,124.45
2009-08-26,127.16
2009-08-27,124.99
2009-08-28,126.985
2009-08-31,121.89
2009-09-01,121.15
2009-09-02,114.35
2009-09-03,121.25
2009-09-04,121.01
2009-09-08,123.9
2009-09-09,136.6
2009-09-10,138.55
2009-09-11,141.47
2009-09-14,131.78
2009-09-15,134.0
2009-09-16,143.89
2009-09-17,150.63
2009-09-18,155.48
2009-09-21,153.6
2009-09-22,160.01
2009-09-23,157.51
2009-09-24,154.61
2009-09-25,148.1
2009-09-28,148.24
2009-09-29,148.1
2009-09-30,153.71
2009-10-01,147.6
2009-10-02,148.02
2009-10-05,151.01
2009-10-06,149.84
2009-10-07,150.58
2009-10-08,155.26
2009-10-09,155.52
2009-10-12,156.67
2009-10-13,158.25
2009-10-14,155.89
2009-10-15,154.0
2009-10-16,150.9
2009-10-19,147.25
2009-10-20,151.65
2009-10-21,154.19
2009-10-22,150.6
2009-10-23,152.93
2009-10-26,155.2
2009-10-27,153.94
2009-10-28,148.91
2009-10-29,127.66
2009-10-30,129.44
2009-11-02,121.24
2009-11-03,120.5
2009-11-04,126.09
2009-11-05,122.55
2009-11-06,120.0
2009-11-09,120.5
2009-11-10,119.28
2009-11-11,121.89
2009-11-12,118.56
2009-11-13,116.14
2009-11-16,120.03
2009-11-17,125.87
2009-11-18,127.19
2009-11-19,124.0
2009-11-20,119.14
2009-11-23,123.65
2009-11-24,121.1
2009-11-25,120.49
2009-11-27,117.12
2009-11-30,120.79
2009-12-01,121.09
2009-12-02,122.5
2009-12-03,122.95
2009-12-04,131.69
2009-12-07,131.2
2009-12-08,134.22
2009-12-09,132.79
2009-12-10,135.0
2009-12-11,134.65
2009-12-14,134.84
2009-12-15,137.98
2009-12-16,139.7
2009-12-17,137.41
2009-12-18,135.64
2009-12-21,135.74
2009-12-22,137.1
2009-12-23,135.2
2009-12-24,132.8
2009-12-28,134.78
2009-12-29,135.5
2009-12-30,134.6419
2009-12-31,137.1
2010-01-04,136.0
2010-01-05,135.43
2010-01-06,138.43
2010-01-07,141.0
2010-01-08,139.7
2010-01-11,141.0
2010-01-12,137.0
2010-01-13,133.52
2010-01-14,131.52
2010-01-15,125.89
2010-01-19,123.13
2010-01-20,120.61
2010-01-21,119.08
2010-01-22,119.54
2010-01-25,114.68
2010-01-26,112.02
2010-01-27,115.06
2010-01-28,115.3
2010-01-29,114.64
2010-02-01,114.89
2010-02-02,117.49
2010-02-03,117.86
2010-02-04,116.56
2010-02-05,113.92
2010-02-08,112.0
2010-02-09,112.94
2010-02-10,112.65
2010-02-11,110.65
2010-02-12,113.21
2010-02-16,116.84
2010-02-17,123.47
2010-02-18,125.63
2010-02-19,116.68
2010-02-22,114.76
2010-02-23,109.0
2010-02-24,106.6
2010-02-25,100.55
2010-02-26,105.26
2010-03-01,107.59
2010-03-02,106.28
2010-03-03,108.5
2010-03-04,108.8
2010-03-05,108.73
2010-03-08,109.2
2010-03-09,105.9
2010-03-10,106.12
2010-03-11,110.7
2010-03-12,114.5
2010-03-15,115.53
2010-03-16,115.81
2010-03-17,116.25
2010-03-18,114.05
2010-03-19,114.5
2010-03-22,110.22
2010-03-23,109.93
2010-03-24,111.15
2010-03-25,112.97
2010-03-26,113.59
2010-03-29,118.22
2010-03-30,120.0
2010-03-31,121.68
2010-04-01,122.33
2010-04-05,122.48
2010-04-06,122.26
2010-04-07,122.54
2010-04-08,125.4
2010-04-09,126.45
2010-04-12,123.94
2010-04-13,128.0
2010-04-14,128.25
2010-04-15,133.33
2010-04-16,138.02
2010-04-19,132.1
2010-04-20,134.88
2010-04-21,132.0
2010-04-22,129.5
2010-04-23,132.48
2010-04-26,132.96
2010-04-27,131.94
2010-04-28,128.39
2010-04-29,141.83
2010-04-30,148.65
2010-05-03,145.75
2010-05-04,143.55
2010-05-05,135.19
2010-05-06,132.5
2010-05-07,123.34
2010-05-10,129.2
2010-05-11,129.8
2010-05-12,128.91
2010-05-13,126.86
2010-05-14,123.4973
2010-05-17,119.71
2010-05-18,115.89
2010-05-19,108.15
2010-05-20,107.99
2010-05-21,107.42
2010-05-24,115.41
2010-05-25,106.0
2010-05-26,115.18
2010-05-27,114.71
2010-05-28,115.64
2010-06-01,112.22
2010-06-02,108.38
2010-06-03,112.67
2010-06-04,109.97
2010-06-07,110.03
2010-06-08,105.31
2010-06-09,105.96
2010-06-10,106.3
2010-06-11,105.75
2010-06-14,109.03
2010-06-15,109.29
2010-06-16,115.8
2010-06-17,124.93
2010-06-18,125.1
2010-06-21,125.5
2010-06-22,122.67
2010-06-23,120.08
2010-06-24,120.0
2010-06-25,116.8801
2010-06-28,121.85
2010-06-29,116.22
2010-06-30,114.48
2010-07-01,113.61
2010-07-02,118.46
2010-07-06,123.51
2010-07-07,122.56
2010-07-08,129.96
2010-07-09,130.0
2010-07-12,131.6
2010-07-13,131.34
2010-07-14,129.77
2010-07-15,133.01
2010-07-16,131.46
2010-07-19,129.14
2010-07-20,128.62
2010-07-21,136.37
2010-07-22,136.49
2010-07-23,137.53
2010-07-26,137.48
2010-07-27,139.48
2010-07-28,137.08
2010-07-29,137.84
2010-07-30,129.05
2010-08-02,126.34
2010-08-03,127.02
2010-08-04,127.33
2010-08-05,130.8
2010-08-06,128.08
2010-08-09,130.0
2010-08-10,128.38
2010-08-11,126.95
2010-08-12,123.01
2010-08-13,124.07
2010-08-16,123.91
2010-08-17,127.41
2010-08-18,126.46
2010-08-19,124.21
2010-08-20,122.82
2010-08-23,128.23
2010-08-24,124.11
2010-08-25,123.68
2010-08-26,126.96
2010-08-27,127.98
2010-08-30,128.14
2010-08-31,125.0
2010-09-01,129.3
2010-09-02,130.0
2010-09-03,136.9483
2010-09-07,134.67
2010-09-08,135.55
2010-09-09,139.22
2010-09-10,137.49
2010-09-13,140.0
2010-09-14,138.08
2010-09-15,141.27
2010-09-16,141.7
2010-09-17,144.81
2010-09-20,146.13
2010-09-21,145.19
2010-09-22,146.1
2010-09-23,143.0
2010-09-24,145.27
2010-09-27,147.24
2010-09-28,149.8
2010-09-29,147.99
2010-09-30,150.9
2010-10-01,148.96
2010-10-04,146.1
2010-10-05,144.0799
2010-10-06,141.8
2010-10-07,142.0
2010-10-08,140.0
2010-10-11,138.8
2010-10-12,138.41
2010-10-13,137.65
2010-10-14,138.27
2010-10-15,143.43
2010-10-18,143.96
2010-10-19,144.0
2010-10-20,143.72
2010-10-21,144.57
2010-10-22,145.15
2010-10-25,146.87
2010-10-26,147.26
2010-10-27,147.47
2010-10-28,151.88
2010-10-29,139.15
2010-11-01,137.84
2010-11-02,134.42
2010-11-03,137.64
2010-11-04,140.19
2010-11-05,135.83
2010-11-08,138.208
2010-11-09,140.77
2010-11-10,138.0
2010-11-11,137.54
2010-11-12,139.65
2010-11-15,138.98
2010-11-16,138.06
2010-11-17,129.07
2010-11-18,123.71
2010-11-19,123.77
2010-11-22,126.45
2010-11-23,123.0
2010-11-24,125.0
2010-11-26,126.0
2010-11-29,127.45
2010-11-30,120.92
2010-12-01,124.99
2010-12-02,126.73
2010-12-03,129.75
2010-12-06,131.97
2010-12-07,134.96
2010-12-08,132.24
2010-12-09,134.79
2010-12-10,134.34
2010-12-13,139.07
2010-12-14,137.62
2010-12-15,140.0
2010-12-16,135.28
2010-12-17,134.93
2010-12-20,133.95
2010-12-21,132.54
2010-12-22,133.65
2010-12-23,131.75
2010-12-27,131.35
2010-12-28,130.92
2010-12-29,129.09
2010-12-30,129.72
2010-12-31,130.74
2011-01-03,131.85
2011-01-04,133.5
2011-01-05,130.52
2011-01-06,131.95
2011-01-07,135.5
2011-01-10,133.77
2011-01-11,137.39
2011-01-12,139.0
2011-01-13,139.5
2011-01-14,140.77
2011-01-18,140.01
2011-01-19,146.28
2011-01-20,141.98
2011-01-21,148.16
2011-01-24,150.25
2011-01-25,154.31
2011-01-26,150.89
2011-01-27,151.55
2011-01-28,151.3
2011-01-31,147.77
2011-02-01,155.9
2011-02-02,157.32
2011-02-03,162.19
2011-02-04,159.23
2011-02-07,158.7
2011-02-08,156.36
2011-02-09,159.49
2011-02-10,154.97
2011-02-11,157.93
2011-02-14,164.89
2011-02-15,167.75
2011-02-16,167.43
2011-02-17,169.89
2011-02-18,174.71
2011-02-22,166.0
2011-02-23,164.89
2011-02-24,164.16
2011-02-25,161.51
2011-02-28,153.77
2011-03-01,148.3
2011-03-02,148.19
2011-03-03,149.01
2011-03-04,146.18
2011-03-07,147.45
2011-03-08,142.3
2011-03-09,143.59
2011-03-10,141.0
2011-03-11,137.54
2011-03-14,146.6999
2011-03-15,151.82
2011-03-16,157.58
2011-03-17,156.37
2011-03-18,154.46
2011-03-21,151.75
2011-03-22,151.82
2011-03-23,148.82
2011-03-24,151.49
2011-03-25,150.87
2011-03-28,153.02
2011-03-29,153.38
2011-03-30,158.0
2011-03-31,155.43
2011-04-01,163.0
2011-04-04,161.38
2011-04-05,156.1
2011-04-06,154.38
2011-04-07,147.95
2011-04-08,150.69
2011-04-11,148.21
2011-04-12,144.2
2011-04-13,145.24
2011-04-14,141.57
2011-04-15,141.97
2011-04-18,136.46
2011-04-19,137.46
2011-04-20,135.52
2011-04-21,139.85
2011-04-25,137.59
2011-04-26,134.76
2011-04-27,137.8
2011-04-28,138.68
2011-04-29,145.16
2011-05-02,140.84
2011-05-03,136.9
2011-05-04,126.61
2011-05-05,125.54
2011-05-06,129.55
2011-05-09,131.17
2011-05-10,129.14
2011-05-11,128.93
2011-05-12,124.54
2011-05-13,131.28
2011-05-16,125.0
2011-05-17,124.84
2011-05-18,127.28
2011-05-19,130.57
2011-05-20,127.93
2011-05-23,124.12
2011-05-24,125.08
2011-05-25,122.965
2011-05-26,120.12
2011-05-27,118.97
2011-05-31,126.37
2011-06-01,125.83
2011-06-02,122.27
2011-06-03,119.0
2011-06-06,117.56
2011-06-07,117.14
2011-06-08,117.75
2011-06-09,114.8
2011-06-10,113.41
2011-06-13,118.48
2011-06-14,117.76
2011-06-15,117.32
2011-06-16,116.69
2011-06-17,120.64
2011-06-20,121.27
2011-06-21,126.0
2011-06-22,123.87
2011-06-23,120.37
2011-06-24,121.65
2011-06-27,116.15
2011-06-28,117.21
2011-06-29,124.27
2011-06-30,134.87
2011-07-01,130.66
2011-07-05,132.03
2011-07-06,132.0
2011-07-07,132.28
2011-07-08,130.5
2011-07-11,130.32
2011-07-12,126.58
2011-07-13,125.43
2011-07-14,125.28
2011-07-15,123.06
2011-07-18,123.84
2011-07-19,123.13
2011-07-20,123.83
2011-07-21,123.46
2011-07-22,125.39
2011-07-25,123.47
2011-07-26,121.28
2011-07-27,119.68
2011-07-28,116.55
2011-07-29,116.45
2011-08-01,121.35
2011-08-02,116.47
2011-08-03,115.75
2011-08-04,112.06
2011-08-05,105.5
2011-08-08,96.9
2011-08-09,101.4
2011-08-10,100.68
2011-08-11,101.16
2011-08-12,104.3
2011-08-15,104.31
2011-08-16,104.48
2011-08-17,101.09
2011-08-18,96.41
2011-08-19,93.43
2011-08-22,90.75
2011-08-23,89.18
2011-08-24,94.49
2011-08-25,96.19
2011-08-26,98.41
2011-08-29,102.9
2011-08-30,101.62
2011-08-31,102.38
2011-09-01,99.5
2011-09-02,94.86
2011-09-06,87.21
2011-09-07,90.0
2011-09-08,90.18
2011-09-09,86.65
2011-09-12,84.61
2011-09-13,86.35
2011-09-14,91.28
2011-09-15,92.18
2011-09-16,90.36
2011-09-19,83.99
2011-09-20,84.07
2011-09-21,77.5
2011-09-22,68.95
2011-09-23,66.0
2011-09-26,71.42
2011-09-27,73.71
2011-09-28,72.08
2011-09-29,66.2
2011-09-30,63.57
2011-10-03,61.825
2011-10-04,56.7
2011-10-05,58.93
2011-10-06,61.25
2011-10-07,64.85
2011-10-10,60.79
2011-10-11,58.9
2011-10-12,53.57
2011-10-13,56.49
2011-10-14,57.67
2011-10-17,55.0301
2011-10-18,53.88
2011-10-19,56.25
2011-10-20,51.45
2011-10-21,52.94
2011-10-24,54.31
2011-10-25,58.11
2011-10-26,47.54
2011-10-27,48.23
2011-10-28,52.73
2011-10-31,52.2
2011-11-01,47.5
2011-11-02,47.66
2011-11-03,48.45
2011-11-04,48.68
2011-11-07,49.5
2011-11-08,48.88
2011-11-09,46.1
2011-11-10,45.98
2011-11-11,44.62
2011-11-14,45.31
2011-11-15,44.05
2011-11-16,44.58
2011-11-17,44.0
2011-11-18,45.75
2011-11-21,44.0501
2011-11-22,43.37
2011-11-23,40.75
2011-11-25,41.31
2011-11-28,41.95
2011-11-29,44.05
2011-11-30,45.87
2011-12-01,47.63
2011-12-02,48.2
2011-12-05,48.51
2011-12-06,47.77
2011-12-07,49.03
2011-12-08,48.16
2011-12-09,45.61
2011-12-12,45.0
2011-12-13,44.85
2011-12-14,37.2999
2011-12-15,33.66
2011-12-16,31.8
2011-12-19,31.64
2011-12-20,31.15
2011-12-21,32.72
2011-12-22,32.21
2011-12-23,34.8
2011-12-27,34.69
2011-12-28,33.05
2011-12-29,32.35
2011-12-30,32.96
2012-01-03,35.0
2012-01-04,35.57
2012-01-05,34.34
2012-01-06,35.69
2012-01-09,35.12
2012-01-10,37.6
2012-01-11,39.45
2012-01-12,42.4
2012-01-13,40.8001
2012-01-17,41.21
2012-01-18,40.4408
2012-01-19,43.3
2012-01-20,38.78
2012-01-23,38.56
2012-01-24,37.55
2012-01-25,38.41
2012-01-26,38.9
2012-01-27,41.01
2012-01-30,44.49
2012-01-31,45.36
2012-02-01,43.49
2012-02-02,42.98
2012-02-03,45.87
2012-02-06,45.21
2012-02-07,46.12
2012-02-08,46.71
2012-02-09,46.3
2012-02-10,46.56
2012-02-13,44.49
2012-02-14,39.92
2012-02-15,39.9799
2012-02-16,39.24
2012-02-17,43.05
2012-02-21,43.16
2012-02-22,42.05
2012-02-23,38.7
2012-02-24,37.72
2012-02-27,35.1007
2012-02-28,36.45
2012-02-29,33.7
2012-03-01,32.46
2012-03-02,30.36
2012-03-05,29.95
2012-03-06,27.59
2012-03-07,28.0
2012-03-08,25.55
2012-03-09,26.05
2012-03-12,27.6
2012-03-13,26.05
2012-03-14,28.0
2012-03-15,27.19
2012-03-16,28.38
2012-03-19,28.98
2012-03-20,28.31
2012-03-21,27.25
2012-03-22,26.33
2012-03-23,26.84
2012-03-26,26.43
2012-03-27,26.25
2012-03-28,26.06
2012-03-29,24.83
2012-03-30,25.29
2012-04-02,25.14
2012-04-03,24.3
2012-04-04,22.09
2012-04-05,21.65
2012-04-09,20.49
2012-04-10,20.16
2012-04-11,21.7
2012-04-12,22.62
2012-04-13,21.82
2012-04-16,21.31
2012-04-17,21.63
2012-04-18,23.7
2012-04-19,21.3
2012-04-20,21.47
2012-04-23,20.01
2012-04-24,19.19
2012-04-25,18.87
2012-04-26,18.3
2012-04-27,18.4
2012-04-30,17.93
2012-05-01,19.17
2012-05-02,18.26
2012-05-03,18.05
2012-05-04,18.53
2012-05-07,16.88
2012-05-08,17.56
2012-05-09,16.25
2012-05-10,17.14
2012-05-11,15.94
2012-05-14,15.88
2012-05-15,16.1
2012-05-16,15.33
2012-05-17,13.96
2012-05-18,15.02
2012-05-21,13.7
2012-05-22,13.84
2012-05-23,13.42
2012-05-24,14.53
2012-05-25,14.19
2012-05-29,14.23
2012-05-30,13.95
2012-05-31,13.37
2012-06-01,12.13
2012-06-04,11.83
2012-06-05,12.14
2012-06-06,12.73
2012-06-07,13.51
2012-06-08,12.7
2012-06-11,13.19
2012-06-12,12.54
2012-06-13,14.75
2012-06-14,13.95
2012-06-15,13.45
2012-06-18,13.85
2012-06-19,14.87
2012-06-20,15.3
2012-06-21,15.0
2012-06-22,15.12
2012-06-25,15.57
2012-06-26,15.32
2012-06-27,14.87
2012-06-28,15.25
2012-06-29,15.35
2012-07-02,15.19
2012-07-03,15.45
2012-07-05,15.88
2012-07-06,15.23
2012-07-09,14.94
2012-07-10,14.66
2012-07-11,14.12
2012-07-12,14.18
2012-07-13,14.01
2012-07-16,14.23
2012-07-17,15.02
2012-07-18,14.3
2012-07-19,14.5
2012-07-20,15.03
2012-07-23,14.4
2012-07-24,13.84
2012-07-25,14.15
2012-07-26,14.38
2012-07-27,14.09
2012-07-30,14.48
2012-07-31,14.32
2012-08-01,15.6
2012-08-02,17.0
2012-08-03,18.3
2012-08-06,17.13
2012-08-07,19.53
2012-08-08,21.15
2012-08-09,21.35
2012-08-10,21.54
2012-08-13,21.37
2012-08-14,20.7
2012-08-15,19.56
2012-08-16,21.14
2012-08-17,21.55
2012-08-20,21.29
2012-08-21,23.08
2012-08-22,23.93
2012-08-23,24.4
2012-08-24,24.73
2012-08-27,25.13
2012-08-28,25.48
2012-08-29,25.61
2012-08-30,23.4
2012-08-31,20.39
2012-09-04,19.8
2012-09-05,19.26
2012-09-06,19.0
2012-09-07,20.12
2012-09-10,20.74
2012-09-11,21.58
2012-09-12,22.04
2012-09-13,22.55
2012-09-14,23.01
2012-09-17,24.54
2012-09-18,23.21
2012-09-19,23.42
2012-09-20,23.49
2012-09-21,22.33
2012-09-24,20.93
2012-09-25,21.41
2012-09-26,20.55
2012-09-27,21.6
2012-09-28,22.51
2012-10-01,22.43
2012-10-02,22.39
2012-10-03,23.0
2012-10-04,22.27
2012-10-05,21.9
2012-10-08,20.38
2012-10-09,20.4
2012-10-10,20.85
2012-10-11,21.84
2012-10-12,21.8
2012-10-15,22.22
2012-10-16,22.4
2012-10-17,24.6
2012-10-18,24.99
2012-10-19,24.85
2012-10-22,23.79
2012-10-23,22.99
2012-10-24,23.49
2012-10-25,23.6
2012-10-26,23.77
2012-10-31,24.2
2012-11-01,24.5
2012-11-02,22.85
2012-11-05,22.55
2012-11-06,23.45
2012-11-07,25.15
2012-11-08,24.24
2012-11-09,24.5
2012-11-12,24.75
2012-11-13,25.26
2012-11-14,24.78
2012-11-15,23.55
2012-11-16,23.4
2012-11-19,24.16
2012-11-20,24.03
2012-11-21,24.29
2012-11-23,24.49
2012-11-26,24.75
2012-11-27,25.2
2012-11-28,26.28
2012-11-29,27.46
2012-11-30,26.86
2012-12-03,27.23
2012-12-04,27.45
2012-12-05,29.29
2012-12-06,29.86
2012-12-07,30.98
2012-12-10,29.9
2012-12-11,30.37
2012-12-12,31.39
2012-12-13,32.4
2012-12-14,32.05
2012-12-17,32.57
2012-12-18,32.39
2012-12-19,32.1
2012-12-20,32.9
2012-12-21,31.53
2012-12-24,30.67
2012-12-26,30.26
2012-12-27,30.75
2012-12-28,29.74
2012-12-31,29.61
2013-01-02,32.02
2013-01-03,32.6
2013-01-04,33.45
2013-01-07,33.08
2013-01-08,31.6
2013-01-09,31.45
2013-01-10,32.3
2013-01-11,32.08
2013-01-14,31.84
2013-01-15,31.34
2013-01-16,31.4
2013-01-17,30.9
2013-01-18,30.69
2013-01-22,30.22
2013-01-23,31.83
2013-01-24,30.84
2013-01-25,30.34
2013-01-28,30.58
2013-01-29,29.7
2013-01-30,27.95
2013-01-31,27.92
2013-02-01,28.41
2013-02-04,27.9
2013-02-05,28.69
2013-02-06,29.82
2013-02-07,31.41
2013-02-08,30.78
2013-02-11,30.51
2013-02-12,32.38
2013-02-13,34.05
2013-02-14,32.23
2013-02-15,34.9
2013-02-19,34.14
2013-02-20,36.3
2013-02-21,34.89
2013-02-22,34.3
2013-02-25,34.15
2013-02-26,33.0
2013-02-27,26.84
2013-02-28,27.3801
2013-03-01,25.48
2013-03-04,25.31
2013-03-05,24.79
2013-03-06,25.85
2013-03-07,26.01
2013-03-08,26.4
2013-03-11,26.24
2013-03-12,26.72
2013-03-13,27.23
2013-03-14,26.87
2013-03-15,27.23
2013-03-18,26.06
2013-03-19,26.9
2013-03-20,27.99
2013-03-21,28.93
2013-03-22,29.06
2013-03-25,28.91
2013-03-26,28.17
2013-03-27,27.35
2013-03-28,27.32
2013-04-01,27.27
2013-04-02,26.87
2013-04-03,26.22
2013-04-04,25.98
2013-04-05,26.03
2013-04-08,26.78
2013-04-09,27.14
2013-04-10,37.0
2013-04-11,36.37
2013-04-12,36.95
2013-04-15,36.98
2013-04-16,36.58
2013-04-17,36.88
2013-04-18,37.58
2013-04-19,38.01
2013-04-22,38.67
2013-04-23,39.16
2013-04-24,40.93
2013-04-25,44.17
2013-04-26,44.82
2013-04-29,44.83
2013-04-30,45.73
2013-05-01,46.7
2013-05-02,45.91
2013-05-03,47.0
2013-05-06,46.63
2013-05-07,46.62
2013-05-08,43.54
2013-05-09,45.02
2013-05-10,47.03
2013-05-13,50.0
2013-05-14,49.96
2013-05-15,51.41
2013-05-16,50.56
2013-05-17,49.41
2013-05-20,50.15
2013-05-21,55.51
2013-05-22,55.75
2013-05-23,50.5
2013-05-24,52.05
2013-05-28,53.18
2013-05-29,50.4
2013-05-30,54.93
2013-05-31,54.67
2013-06-03,54.24
2013-06-04,53.71
2013-06-05,51.6
2013-06-06,51.14
2013-06-07,53.82
2013-06-10,53.6
2013-06-11,55.0
2013-06-12,49.56
2013-06-13,45.43
2013-06-14,46.55
2013-06-17,45.27
2013-06-18,45.61
2013-06-19,46.15
2013-06-20,43.46
2013-06-21,42.35
2013-06-24,41.9
2013-06-25,42.0499
2013-06-26,45.39
2013-06-27,45.77
2013-06-28,44.83
2013-07-01,45.38
2013-07-02,46.1
2013-07-03,44.97
2013-07-05,46.29
2013-07-08,46.8
2013-07-09,46.2
2013-07-10,44.82
2013-07-11,45.34
2013-07-12,46.47
2013-07-15,48.91
2013-07-16,50.0
2013-07-17,49.27
2013-07-18,49.31
2013-07-19,48.65
2013-07-22,48.56
2013-07-23,49.58
2013-07-24,49.0
2013-07-25,46.82
2013-07-26,46.99
2013-07-29,48.0901
2013-07-30,47.38
2013-07-31,48.59
2013-08-01,49.64
2013-08-02,48.03
2013-08-05,47.46
2013-08-06,48.2
2013-08-07,42.17
2013-08-08,40.91
2013-08-09,40.55
2013-08-12,40.88
2013-08-13,40.39
2013-08-14,39.01
2013-08-15,38.41
2013-08-16,37.7
2013-08-19,38.29
2013-08-20,37.3
2013-08-21,38.27
2013-08-22,39.1
2013-08-23,40.14
2013-08-26,39.13
2013-08-27,38.07
2013-08-28,36.76
2013-08-29,36.96
2013-08-30,37.71
2013-09-03,37.15
2013-09-04,36.85
2013-09-05,36.58
2013-09-06,38.68
2013-09-09,37.42
2013-09-10,38.83
2013-09-11,39.59
2013-09-12,39.8
2013-09-13,38.42
2013-09-16,38.63
2013-09-17,38.53
2013-09-18,38.84
2013-09-19,39.93
2013-09-20,39.91
2013-09-23,39.08
2013-09-24,38.71
2013-09-25,39.0
2013-09-26,41.05
2013-09-27,40.36
2013-09-30,39.83
2013-10-01,40.31
2013-10-02,41.87
2013-10-03,43.65
2013-10-04,43.08
2013-10-07,43.63
2013-10-08,43.87
2013-10-09,42.52
2013-10-10,42.11
2013-10-11,42.94
2013-10-14,42.75
2013-10-15,44.42
2013-10-16,44.72
2013-10-17,45.9
2013-10-18,46.53
2013-10-21,51.75
2013-10-22,55.39
2013-10-23,53.15
2013-10-24,53.3
2013-10-25,54.37
2013-10-28,53.09
2013-10-29,51.74
2013-10-30,52.31
2013-10-31,50.11
2013-11-01,55.64
2013-11-04,60.6
2013-11-05,61.63
2013-11-06,61.97
2013-11-07,60.62
2013-11-08,58.81
2013-11-11,60.67
2013-11-12,62.85
2013-11-13,61.1
2013-11-14,64.97
2013-11-15,64.47
2013-11-18,64.43
2013-11-19,63.0
2013-11-20,60.9
2013-11-21,61.21
2013-11-22,62.03
2013-11-25,60.65
2013-11-26,59.79
2013-11-27,59.44
2013-11-29,60.95
2013-12-02,59.77
2013-12-03,59.59
2013-12-04,59.14
2013-12-05,60.91
2013-12-06,60.23
2013-12-09,58.03
2013-12-10,56.02
2013-12-11,56.71
2013-12-12,54.07
2013-12-13,54.5
2013-12-16,54.47
2013-12-17,54.59
2013-12-18,55.61
2013-12-19,55.05
2013-12-20,57.13
2013-12-23,56.21
2013-12-24,54.7
2013-12-26,55.57
2013-12-27,55.93
2013-12-30,55.29
2013-12-31,55.85
2014-01-02,54.28
2014-01-03,57.59
2014-01-06,54.25
2014-01-07,52.15
2014-01-08,52.29
2014-01-09,52.03
2014-01-10,52.31
2014-01-13,51.92
2014-01-14,50.12
2014-01-15,51.47
2014-01-16,52.8
2014-01-17,52.02
2014-01-21,51.98
2014-01-22,52.06
2014-01-23,51.55
2014-01-24,49.75
2014-01-27,48.33
2014-01-28,49.38
2014-01-29,49.5
2014-01-30,50.46
2014-01-31,50.46
2014-02-03,50.41
2014-02-04,48.9
2014-02-05,48.27
2014-02-06,48.01
2014-02-07,48.92
2014-02-10,49.97
2014-02-11,51.45
2014-02-12,51.78
2014-02-13,50.54
2014-02-14,53.2
2014-02-18,53.68
2014-02-19,56.63
2014-02-20,56.07
2014-02-21,57.37
2014-02-24,56.59
2014-02-25,58.5
2014-02-26,50.15
2014-02-27,54.085
2014-02-28,57.14
2014-03-03,55.71
2014-03-04,56.63
2014-03-05,57.5
2014-03-06,58.39
2014-03-07,58.63
2014-03-10,55.94
2014-03-11,55.07
2014-03-12,53.11
2014-03-13,53.97
2014-03-14,52.68
2014-03-17,55.38
2014-03-18,56.55
2014-03-19,57.1
2014-03-20,70.17
2014-03-21,70.0
2014-03-24,72.86
2014-03-25,74.0
2014-03-26,71.98
2014-03-27,68.58
2014-03-28,70.31
2014-03-31,69.55
2014-04-01,70.04
2014-04-02,71.06
2014-04-03,71.9
2014-04-04,69.68
2014-04-07,69.12
2014-04-08,68.71
2014-04-09,73.26
2014-04-10,73.18
2014-04-11,68.7
2014-04-14,68.48
2014-04-15,68.24
2014-04-16,67.05
2014-04-17,67.86
2014-04-21,67.42
2014-04-22,70.04
2014-04-23,71.18
2014-04-24,70.84
2014-04-25,69.69
2014-04-28,68.61
2014-04-29,66.48
2014-04-30,66.1
2014-05-01,66.96
2014-05-02,67.72
2014-05-05,67.19
2014-05-06,68.6
2014-05-07,67.8
2014-05-08,64.11
2014-05-09,63.38
2014-05-12,63.55
2014-05-13,63.59
2014-05-14,62.69
2014-05-15,61.47
2014-05-16,59.62
2014-05-19,58.99
2014-05-20,59.88
2014-05-21,59.21
2014-05-22,60.66
2014-05-23,60.71
2014-05-27,61.25
2014-05-28,62.16
2014-05-29,62.02
2014-05-30,63.61
2014-06-02,62.29
2014-06-03,62.82
2014-06-04,64.24
2014-06-05,65.45
2014-06-06,64.21
2014-06-09,62.68
2014-06-10,62.56
2014-06-11,61.92
2014-06-12,63.7
2014-06-13,63.68
2014-06-16,64.61
2014-06-17,66.85
2014-06-18,69.03
2014-06-19,69.69
2014-06-20,68.57
2014-06-23,68.9
2014-06-24,69.97
2014-06-25,68.5
2014-06-26,70.21
2014-06-27,71.17
2014-06-30,71.85
2014-07-01,71.52
2014-07-02,71.05
2014-07-03,70.05
2014-07-07,69.51
2014-07-08,67.19
2014-07-09,64.69
2014-07-10,62.66
2014-07-11,64.03
2014-07-14,63.88
2014-07-15,63.45
2014-07-16,63.42
2014-07-17,63.05
2014-07-18,61.57
2014-07-21,62.21
2014-07-22,63.5
2014-07-23,63.47
2014-07-24,62.96
2014-07-25,63.17
2014-07-28,65.31
2014-07-29,66.2
2014-07-30,66.0
2014-07-31,65.0
2014-08-01,62.49
2014-08-04,62.4
2014-08-05,63.95
2014-08-06,61.68
2014-08-07,66.34
2014-08-08,68.0
2014-08-11,68.03
2014-08-12,69.63
2014-08-13,69.64
2014-08-14,69.6
2014-08-15,69.47
2014-08-18,69.55
2014-08-19,70.34
2014-08-20,69.9
2014-08-21,70.83
2014-08-22,70.5
2014-08-25,71.04
2014-08-26,70.8
2014-08-27,70.96
2014-08-28,69.32
2014-08-29,69.21
2014-09-02,69.71
2014-09-03,69.74
2014-09-04,71.63
2014-09-05,71.45
2014-09-08,71.55
2014-09-09,71.66
2014-09-10,70.7
2014-09-11,70.7
2014-09-12,71.53
2014-09-15,72.64
2014-09-16,69.7
2014-09-17,71.16
2014-09-18,72.02
2014-09-19,71.89
2014-09-22,70.44
2014-09-23,66.93
2014-09-24,67.85
2014-09-25,68.47
2014-09-26,67.58
2014-09-29,66.87
2014-09-30,67.61
2014-10-01,65.82
2014-10-02,63.9
2014-10-03,64.52
2014-10-06,64.31
2014-10-07,62.21
2014-10-08,60.4
2014-10-09,61.34
2014-10-10,55.79
2014-10-13,53.91
2014-10-14,51.37
2014-10-15,50.85
2014-10-16,52.23
2014-10-17,55.39
2014-10-20,53.23
2014-10-21,55.03
2014-10-22,56.49
2014-10-23,55.31
2014-10-24,56.14
2014-10-27,56.01
2014-10-28,54.85
2014-10-29,57.44
2014-10-30,55.85
2014-10-31,57.4
2014-11-03,58.78
2014-11-04,57.93
2014-11-05,57.05
2014-11-06,56.45
2014-11-07,52.72
2014-11-10,50.79
2014-11-11,51.91
2014-11-12,51.11
2014-11-13,49.25
2014-11-14,47.31
2014-11-17,48.1
2014-11-18,48.41
2014-11-19,49.5
2014-11-20,48.51
2014-11-21,50.22
2014-11-24,49.58
2014-11-25,50.67
2014-11-26,50.96
2014-11-28,50.24
2014-12-01,48.29
2014-12-02,45.57
2014-12-03,46.6
2014-12-04,47.11
2014-12-05,46.88
2014-12-08,46.75
2014-12-09,44.0
2014-12-10,44.89
2014-12-11,43.4
2014-12-12,42.58
2014-12-15,42.36
2014-12-16,41.26
2014-12-17,41.23
2014-12-18,43.36
2014-12-19,45.44
2014-12-22,45.05
2014-12-23,43.84
2014-12-24,43.99
2014-12-26,43.97
2014-12-29,44.26
2014-12-30,43.94
2014-12-31,44.52
2015-01-02,44.72
2015-01-05,43.88
2015-01-06,42.01
2015-01-07,42.0
2015-01-08,42.39
2015-01-09,43.91
2015-01-12,43.81
2015-01-13,43.2
2015-01-14,42.04
2015-01-15,42.75
2015-01-16,40.18
2015-01-20,40.67
2015-01-21,39.77
2015-01-22,41.74
2015-01-23,41.74
2015-01-26,42.35
2015-01-27,43.3
2015-01-28,43.66
2015-01-29,42.88
2015-01-30,41.92
2015-02-02,42.68
2015-02-03,46.19
2015-02-04,47.46
2015-02-05,47.24
2015-02-06,46.99
2015-02-09,46.78
2015-02-10,46.7
2015-02-11,49.85
2015-02-12,49.27
2015-02-13,49.64
2015-02-17,49.16
2015-02-18,49.6
2015-02-19,48.07
2015-02-20,48.66
2015-02-23,49.05
2015-02-24,56.84
2015-02-25,56.15
2015-02-26,57.8
2015-02-27,58.9
2015-03-02,59.41
2015-03-03,60.93
2015-03-04,60.52
2015-03-05,61.4
2015-03-06,61.11
2015-03-09,60.82
2015-03-10,60.31
2015-03-11,60.14
2015-03-12,59.48
2015-03-13,60.22
2015-03-16,60.27
2015-03-17,59.89
2015-03-18,60.08
2015-03-19,61.12
2015-03-20,60.67
2015-03-23,60.06
2015-03-24,60.36
2015-03-25,62.7
2015-03-26,59.53
2015-03-27,59.4
2015-03-30,59.72
2015-03-31,60.03
2015-04-01,59.84
2015-04-02,61.0
2015-04-06,60.72
2015-04-07,61.56
2015-04-08,61.58
2015-04-09,60.5
2015-04-10,61.36
2015-04-13,61.4
2015-04-14,61.54
2015-04-15,61.46
2015-04-16,63.71
2015-04-17,62.34
2015-04-20,62.26
2015-04-21,62.45
2015-04-22,63.44
2015-04-23,64.0
2015-04-24,65.42
2015-04-27,63.86
2015-04-28,62.87
2015-04-29,63.13
2015-04-30,61.73
2015-05-01,57.5
2015-05-04,57.13
2015-05-05,56.83
2015-05-06,57.03
2015-05-07,55.29
2015-05-08,56.91
2015-05-11,56.41
2015-05-12,56.19
2015-05-13,56.14
2015-05-14,57.05
2015-05-15,56.35
2015-05-18,56.82
2015-05-19,56.18
2015-05-20,55.41
2015-05-21,55.2
2015-05-22,55.75
2015-05-26,53.03
2015-05-27,51.05
2015-05-28,51.24
2015-05-29,50.52
2015-06-01,49.76
2015-06-02,49.8
2015-06-03,50.97
2015-06-04,50.6
2015-06-05,49.87
2015-06-08,51.05
2015-06-09,49.95
2015-06-10,49.48
2015-06-11,50.37
2015-06-12,50.29
2015-06-15,50.08
2015-06-16,53.37
2015-06-17,52.46
2015-06-18,52.13
2015-06-19,52.04
2015-06-22,51.16
2015-06-23,51.29
2015-06-24,51.25
2015-06-25,51.63
2015-06-26,50.95
2015-06-29,48.95
2015-06-30,48.42
2015-07-01,47.32
2015-07-02,46.03
2015-07-06,44.88
2015-07-07,44.0
2015-07-08,44.68
2015-07-09,44.5
2015-07-10,44.31
2015-07-13,44.55
2015-07-14,46.44
2015-07-15,45.72
2015-07-16,44.76
2015-07-17,44.62
2015-07-20,44.49
2015-07-21,43.11
2015-07-22,43.1
2015-07-23,42.57
2015-07-24,42.92
2015-07-27,42.43
2015-07-28,42.5
2015-07-29,43.51
2015-07-30,45.89
2015-07-31,45.31
2015-08-03,44.7
2015-08-04,43.7
2015-08-05,50.12
2015-08-06,52.45
2015-08-07,51.31
2015-08-10,52.5
2015-08-11,52.77
2015-08-12,50.77
2015-08-13,51.62
2015-08-14,51.19
2015-08-17,51.09
2015-08-18,51.67
2015-08-19,51.07
2015-08-20,49.37
2015-08-21,47.29
2015-08-24,40.8
2015-08-25,45.99
2015-08-26,45.71
2015-08-27,47.47
2015-08-28,47.35
2015-08-31,47.33
2015-09-01,46.99
2015-09-02,48.0
2015-09-03,48.01
2015-09-04,47.48
2015-09-08,47.72
2015-09-09,49.76
2015-09-10,48.36
2015-09-11,47.82
2015-09-14,48.37
2015-09-15,46.2
2015-09-16,46.65
2015-09-17,47.95
2015-09-18,46.19
2015-09-21,45.57
2015-09-22,44.28
2015-09-23,44.62
2015-09-24,43.1
2015-09-25,44.21
2015-09-28,43.0
2015-09-29,41.01
2015-09-30,41.49
2015-10-01,42.56
2015-10-02,42.24
2015-10-05,45.89
2015-10-06,46.77
2015-10-07,49.86
2015-10-08,49.85
2015-10-09,51.12
2015-10-12,51.21
2015-10-13,50.46
2015-10-14,50.81
2015-10-15,52.26
2015-10-16,52.55
2015-10-19,51.7
2015-10-20,51.12
2015-10-21,51.87
2015-10-22,50.55
2015-10-23,50.31
2015-10-26,50.97
2015-10-27,50.19
2015-10-28,49.39
2015-10-29,51.35
2015-10-30,56.9
2015-11-02,56.65
2015-11-03,57.44
2015-11-04,58.4
2015-11-05,58.94
2015-11-06,58.19
2015-11-09,59.41
2015-11-10,58.52
2015-11-11,56.02
2015-11-12,54.41
2015-11-13,53.72
2015-11-16,52.78
2015-11-17,54.55
2015-11-18,53.07
2015-11-19,53.4
2015-11-20,53.4
2015-11-23,54.32
2015-11-24,54.59
2015-11-25,56.04
2015-11-27,56.17
2015-11-30,56.18
2015-12-01,56.6
2015-12-02,58.06
2015-12-03,60.0
2015-12-04,59.06
2015-12-07,59.29
2015-12-08,58.43
2015-12-09,59.46
2015-12-10,54.32
2015-12-11,53.95
2015-12-14,55.79
2015-12-15,58.86
2015-12-16,63.52
2015-12-17,66.5
2015-12-18,63.84
2015-12-21,64.65
2015-12-22,65.47
2015-12-23,65.49
2015-12-24,66.26
2015-12-28,66.53
2015-12-29,66.7
2015-12-30,66.23
2015-12-31,66.51
2016-01-04,64.71
2016-01-05,70.56
2016-01-06,71.0
2016-01-07,67.64
2016-01-08,67.43
2016-01-11,65.84
2016-01-12,65.98
2016-01-13,65.52
2016-01-14,60.8
2016-01-15,59.58
2016-01-19,62.21
2016-01-20,60.4
2016-01-21,61.29
2016-01-22,65.1
2016-01-25,66.56
2016-01-26,64.76
2016-01-27,66.93
2016-01-28,66.85
2016-01-29,65.92
2016-02-01,68.1
2016-02-02,68.05
2016-02-03,66.94
2016-02-04,66.39
2016-02-05,66.71
2016-02-08,63.5
2016-02-09,63.03
2016-02-10,64.66
2016-02-11,63.0
2016-02-12,62.3
2016-02-16,61.98
2016-02-17,63.7
2016-02-18,64.29
2016-02-19,63.03
2016-02-22,63.56
2016-02-23,63.8
2016-02-24,63.96
2016-02-25,69.33
2016-02-26,72.25
2016-02-29,70.28
2016-03-01,71.36
2016-03-02,68.95
2016-03-03,69.58
2016-03-04,70.16
2016-03-07,69.17
2016-03-08,68.45
2016-03-09,67.29
2016-03-10,68.32
2016-03-11,70.0
2016-03-14,70.35
2016-03-15,70.25
2016-03-16,70.15
2016-03-17,72.39
2016-03-18,73.43
2016-03-21,72.21
2016-03-22,70.62
2016-03-23,71.25
2016-03-24,67.98
2016-03-28,68.55
2016-03-29,68.15
2016-03-30,69.88
2016-03-31,68.73
2016-04-01,67.88
2016-04-04,67.36
2016-04-05,65.23
2016-04-06,62.92
2016-04-07,62.43
2016-04-08,61.95
2016-04-11,61.0
2016-04-12,59.93
2016-04-13,61.25
2016-04-14,61.58
2016-04-15,60.33
2016-04-18,59.43
2016-04-19,60.59
2016-04-20,60.41
2016-04-21,61.8
2016-04-22,62.23
2016-04-25,61.16
2016-04-26,60.6
2016-04-27,61.11
2016-04-28,59.05
2016-04-29,56.93
2016-05-02,56.26
2016-05-03,54.54
2016-05-04,52.46
2016-05-05,52.25
2016-05-06,51.87
2016-05-09,51.78
2016-05-10,50.0
2016-05-11,51.51
2016-05-12,50.95
2016-05-13,49.05
2016-05-16,48.85
2016-05-17,49.07
2016-05-18,48.17
2016-05-19,48.4
2016-05-20,47.37
2016-05-23,48.11
2016-05-24,49.57
2016-05-25,51.01
2016-05-26,50.42
2016-05-27,49.63
2016-05-31,49.92
2016-06-01,49.78
2016-06-02,49.58
2016-06-03,49.93
2016-06-06,49.06
2016-06-07,50.45
2016-06-08,50.72
2016-06-09,50.74
2016-06-10,49.96
2016-06-13,48.04
2016-06-14,47.74
2016-06-15,47.96
2016-06-16,47.89
2016-06-17,48.43
2016-06-20,49.4
2016-06-21,49.4
2016-06-22,49.3
2016-06-23,49.08
2016-06-24,46.51
2016-06-27,45.18
2016-06-28,44.99
2016-06-29,47.17
2016-06-30,48.26
2016-07-01,48.39
2016-07-05,48.21
2016-07-06,47.69
2016-07-07,47.5
2016-07-08,44.69
2016-07-11,45.0
2016-07-12,46.86
2016-07-13,47.25
2016-07-14,46.67
2016-07-15,47.59
2016-07-18,47.92
2016-07-19,47.93
2016-07-20,47.93
2016-07-21,48.59
2016-07-22,48.43
2016-07-25,48.0
2016-07-26,48.14
2016-07-27,49.06
2016-07-28,48.59
2016-07-29,47.25
2016-08-01,46.91
2016-08-02,47.25
2016-08-03,47.53
2016-08-04,49.48
2016-08-05,44.14
2016-08-08,44.3
2016-08-09,43.77
2016-08-10,40.31
2016-08-11,39.59
2016-08-12,39.07
2016-08-15,38.88
2016-08-16,38.29
2016-08-17,37.58
2016-08-18,37.71
2016-08-19,37.55
2016-08-22,37.8
2016-08-23,37.74
2016-08-24,37.33
2016-08-25,37.15
2016-08-26,37.32
2016-08-29,37.69
2016-08-30,37.5
2016-08-31,37.76
2016-09-01,37.82
2016-09-02,38.49
2016-09-06,38.47
2016-09-07,39.0
2016-09-08,37.78
2016-09-09,38.24
2016-09-12,36.9
2016-09-13,37.07
2016-09-14,36.31
2016-09-15,35.0
2016-09-16,35.15
2016-09-19,35.0
2016-09-20,34.65
2016-09-21,34.1
2016-09-22,34.36
2016-09-23,35.37
2016-09-26,36.87
2016-09-27,37.38
2016-09-28,39.01
2016-09-29,39.06
2016-09-30,39.22
2016-10-03,39.65
2016-10-04,38.63
2016-10-05,38.52
2016-10-06,39.94
2016-10-07,38.82
2016-10-10,37.8
2016-10-11,38.56
2016-10-12,38.12
2016-10-13,37.75
2016-10-14,39.01
2016-10-17,39.5
2016-10-18,39.67
2016-10-19,39.66
2016-10-20,41.51
2016-10-21,41.92
2016-10-24,42.43
2016-10-25,40.99
2016-10-26,40.5
2016-10-27,41.52
2016-10-28,41.09
2016-10-31,40.7
2016-11-01,40.57
2016-11-02,40.8
2016-11-03,38.5
2016-11-04,34.38
2016-11-07,33.63
2016-11-08,33.73
2016-11-09,30.91
2016-11-10,32.42
2016-11-11,31.57
2016-11-14,32.38
2016-11-15,33.16
2016-11-16,33.03
2016-11-17,29.05
2016-11-18,30.54
2016-11-21,29.41
2016-11-22,29.47
2016-11-23,29.45
2016-11-25,29.8
2016-11-28,30.71
2016-11-29,31.1
2016-11-30,30.33
2016-12-01,30.47
2016-12-02,30.22
2016-12-05,30.18
2016-12-06,32.46
2016-12-07,32.17
2016-12-08,33.74
2016-12-09,33.31
2016-12-12,33.59
2016-12-13,33.87
2016-12-14,33.63
2016-12-15,32.64
2016-12-16,32.77
2016-12-19,35.0
2016-12-20,35.07
2016-12-21,34.5
2016-12-22,33.05
2016-12-23,32.62
2016-12-27,32.75
2016-12-28,34.1
2016-12-29,32.85
2016-12-30,32.6
2017-01-03,32.61
2017-01-04,33.69
2017-01-05,33.87
2017-01-06,34.07
2017-01-09,33.38
2017-01-10,33.59
2017-01-11,33.34
2017-01-12,35.05
2017-01-13,34.91
2017-01-17,35.69
2017-01-18,35.22
2017-01-19,34.5
2017-01-20,34.64
2017-01-23,34.75
2017-01-24,33.88
2017-01-25,32.69
2017-01-26,32.83
2017-01-27,32.59
2017-01-30,31.32
2017-01-31,30.83
2017-02-01,31.4
2017-02-02,31.72
2017-02-03,31.75
2017-02-06,32.41
2017-02-07,32.14
2017-02-08,31.64
2017-02-09,31.71
2017-02-10,32.22
2017-02-13,33.15
2017-02-14,33.25
2017-02-15,34.04
2017-02-16,34.2
2017-02-17,34.05
2017-02-21,35.39
2017-02-22,35.51
2017-02-23,33.69
2017-02-24,36.43
2017-02-27,38.07
2017-02-28,36.64
2017-03-01,36.54
2017-03-02,35.1
2017-03-03,35.63
2017-03-06,34.43
2017-03-07,33.14
2017-03-08,32.77
2017-03-09,32.56
2017-03-10,32.52
2017-03-13,32.11
2017-03-14,32.54
2017-03-15,32.06
2017-03-16,33.18
2017-03-17,32.98
2017-03-20,32.12
2017-03-21,30.07
2017-03-22,29.0
2017-03-23,28.85
2017-03-24,28.65
2017-03-27,28.12
2017-03-28,28.05
2017-03-29,28.33
2017-03-30,27.91
2017-03-31,27.5
2017-04-03,27.17
2017-04-04,26.29
2017-04-05,27.0
2017-04-06,26.04
2017-04-07,26.6
2017-04-10,26.83
2017-04-11,28.0
2017-04-12,28.1
2017-04-13,27.86
2017-04-17,27.42
2017-04-18,27.11
2017-04-19,27.05
2017-04-20,26.75
2017-04-21,26.71
2017-04-24,27.28
2017-04-25,27.28
2017-04-26,27.52
2017-04-27,29.51
2017-04-28,29.45
2017-05-01,29.99
2017-05-02,29.8
2017-05-03,32.5
2017-05-04,34.9
2017-05-05,34.2
2017-05-08,34.54
2017-05-09,35.17
2017-05-10,35.63
2017-05-11,36.43
2017-05-12,36.59
2017-05-15,36.55
2017-05-16,37.26
2017-05-17,36.06
2017-05-18,34.58
2017-05-19,35.19
2017-05-22,36.07
2017-05-23,36.55
2017-05-24,37.0
2017-05-25,38.9
2017-05-26,37.83
2017-05-30,37.7
2017-05-31,39.13
2017-06-01,38.61
2017-06-02,38.36
2017-06-05,38.15
2017-06-06,37.47
2017-06-07,37.7
2017-06-08,37.12
2017-06-09,37.8
2017-06-12,36.27
2017-06-13,36.65
2017-06-14,36.45
2017-06-15,35.5
2017-06-16,35.73
2017-06-19,36.03
2017-06-20,36.3
2017-06-21,35.55
2017-06-22,37.94
2017-06-23,38.36
2017-06-26,39.8
2017-06-27,39.88
2017-06-28,40.31
2017-06-29,40.37
2017-06-30,40.06
2017-07-03,39.92
2017-07-05,40.29
2017-07-06,38.88
2017-07-07,38.78
2017-07-10,39.37
2017-07-11,39.6
2017-07-12,40.2
2017-07-13,41.9
2017-07-14,41.62
2017-07-17,43.0
2017-07-18,42.8
2017-07-19,45.04
2017-07-20,45.85
2017-07-21,46.03
2017-07-24,45.21
2017-07-25,45.61
2017-07-26,45.95
2017-07-27,46.0
2017-07-28,48.82
2017-07-31,48.91
2017-08-01,49.85
2017-08-02,49.1
2017-08-03,48.89
2017-08-04,47.36
2017-08-07,48.11
2017-08-08,48.66
2017-08-09,47.5
2017-08-10,47.24
2017-08-11,46.57
2017-08-14,47.55
2017-08-15,48.98
2017-08-16,49.82
2017-08-17,48.85
2017-08-18,47.8
2017-08-21,48.16
2017-08-22,46.28
2017-08-23,46.1
2017-08-24,46.61
2017-08-25,47.37
2017-08-28,47.51
2017-08-29,47.31
2017-08-30,48.48
2017-08-31,48.24
2017-09-01,47.01
2017-09-05,47.68
2017-09-06,48.03
2017-09-07,47.57
2017-09-08,47.35
2017-09-11,47.22
2017-09-12,47.21
2017-09-13,47.45
2017-09-14,46.75
2017-09-15,50.01
2017-09-18,50.85
2017-09-19,49.06
2017-09-20,48.95
2017-09-21,48.86
2017-09-22,49.01
2017-09-25,51.21
2017-09-26,47.12
2017-09-27,46.31
2017-09-28,46.91
2017-09-29,46.0
2017-10-02,46.3
2017-10-03,47.0
2017-10-04,46.86
2017-10-05,47.8
2017-10-06,47.85
2017-10-09,48.19
2017-10-10,47.17
2017-10-11,47.48
2017-10-12,46.95
2017-10-13,47.21
2017-10-16,47.67
2017-10-17,47.21
2017-10-18,47.52
2017-10-19,46.51
2017-10-20,47.62
2017-10-23,47.89
2017-10-24,49.1
2017-10-25,48.92
2017-10-26,47.38
2017-10-27,52.1
2017-10-30,57.33
2017-10-31,60.43
2017-11-01,55.36
2017-11-02,57.58
2017-11-03,57.82
2017-11-06,59.72
2017-11-07,61.6
2017-11-08,60.75
2017-11-09,61.16
2017-11-10,60.3
2017-11-13,60.97
2017-11-14,61.48
2017-11-15,60.75
2017-11-16,60.96
2017-11-17,60.76
2017-11-20,60.44
2017-11-21,61.38
2017-11-22,60.11
2017-11-24,60.83
2017-11-27,60.83
2017-11-28,62.0
2017-11-29,62.06
2017-11-30,60.68
2017-12-01,61.68
2017-12-04,60.4
2017-12-05,57.14
2017-12-06,62.08
2017-12-07,64.0
2017-12-08,68.96
2017-12-11,71.4
2017-12-12,70.02
2017-12-13,69.2
2017-12-14,68.47
2017-12-15,67.87
2017-12-18,69.93
2017-12-19,70.38
2017-12-20,69.41
2017-12-21,68.5
2017-12-22,69.0
2017-12-26,68.47
2017-12-27,67.55
2017-12-28,69.07
2017-12-29,68.5
2018-01-02,67.84
2018-01-03,70.87
2018-01-04,70.0
2018-01-05,69.0
2018-01-08,69.25
2018-01-09,69.82
2018-01-10,69.37
2018-01-11,70.36
2018-01-12,75.56
2018-01-16,74.09
2018-01-17,71.74
2018-01-18,70.94
2018-01-19,70.99
2018-01-22,69.99
2018-01-23,71.49
2018-01-24,68.92
2018-01-25,69.45
2018-01-26,71.0
2018-01-29,69.5
2018-01-30,67.3
2018-01-31,67.89
2018-02-01,66.65
2018-02-02,66.85
2018-02-05,64.01
2018-02-06,61.5
2018-02-07,63.48
2018-02-08,63.04
2018-02-09,61.42
2018-02-12,61.26
2018-02-13,62.38
2018-02-14,64.17
2018-02-15,65.8
2018-02-16,65.65
2018-02-20,66.01
2018-02-21,67.23
2018-02-22,66.6
2018-02-23,65.56
2018-02-26,62.05
2018-02-27,65.15
2018-02-28,63.34
2018-03-01,63.3
2018-03-02,61.3
2018-03-05,63.97
2018-03-06,66.65
2018-03-07,66.63
2018-03-08,68.01
2018-03-09,68.05
2018-03-12,68.12
2018-03-13,70.48
2018-03-14,69.2
2018-03-15,69.58
2018-03-16,69.37
2018-03-19,69.53
2018-03-20,71.41
2018-03-21,72.99
2018-03-22,72.94
2018-03-23,72.01
2018-03-26,71.85
2018-03-27,74.1
2018-03-28,71.33
2018-03-29,69.83
2018-04-02,70.73
2018-04-03,69.85
2018-04-04,67.99
2018-04-05,70.69
2018-04-06,71.06
2018-04-09,70.32
2018-04-10,72.0
2018-04-11,70.55
2018-04-12,71.4
2018-04-13,71.4
2018-04-16,71.04
2018-04-17,70.53
2018-04-18,75.0
2018-04-19,77.05
2018-04-20,77.0
2018-04-23,76.01
2018-04-24,75.19
2018-04-25,73.82
2018-04-26,74.57
2018-04-27,76.0
2018-04-30,78.11
2018-05-01,71.0
2018-05-02,67.49
2018-05-03,67.28
2018-05-04,65.66
2018-05-07,66.85
2018-05-08,66.75
2018-05-09,67.1
2018-05-10,71.7
2018-05-11,73.18
2018-05-14,73.34
2018-05-15,72.92
2018-05-16,73.43
2018-05-17,72.45
2018-05-18,71.01
2018-05-21,70.55
2018-05-22,71.3
2018-05-23,69.25
2018-05-24,68.56
2018-05-25,68.07
2018-05-29,67.8
2018-05-30,69.5
2018-05-31,69.26
2018-06-01,68.06
2018-06-04,66.09
2018-06-05,59.88
2018-06-06,56.6
2018-06-07,53.71
2018-06-08,53.31
2018-06-11,53.1
2018-06-12,52.17
2018-06-13,54.25
2018-06-14,52.68
2018-06-15,53.34
2018-06-18,50.7
2018-06-19,51.63
2018-06-20,52.83
2018-06-21,51.8
2018-06-22,52.51
2018-06-25,54.97
2018-06-26,52.29
2018-06-27,52.28
2018-06-28,50.8
2018-06-29,52.25
2018-07-02,52.28
2018-07-03,53.37
2018-07-05,52.51
2018-07-06,53.3
2018-07-09,54.69
2018-07-10,55.04
2018-07-11,54.66
2018-07-12,55.26
2018-07-13,54.55
2018-07-16,54.06
2018-07-17,53.55
2018-07-18,53.86
2018-07-19,53.73
2018-07-20,53.85
2018-07-23,53.02
2018-07-24,52.99
2018-07-25,53.09
2018-07-26,53.83
2018-07-27,50.6
2018-07-30,51.56
2018-07-31,51.95
2018-08-01,53.15
2018-08-02,52.92
2018-08-03,53.5
2018-08-06,52.7
2018-08-07,53.74
2018-08-08,53.42
2018-08-09,54.46
2018-08-10,53.97
2018-08-13,52.74
2018-08-14,52.63
2018-08-15,51.7
2018-08-16,51.03
2018-08-17,50.94
2018-08-20,50.89
2018-08-21,52.64
2018-08-22,52.94
2018-08-23,52.55
2018-08-24,51.59
2018-08-27,52.09
2018-08-28,52.77
2018-08-29,52.0
2018-08-30,52.77
2018-08-31,52.01
2018-09-04,51.96
2018-09-05,51.27
2018-09-06,51.26
2018-09-07,49.95
2018-09-10,48.86
2018-09-11,48.0
2018-09-12,48.31
2018-09-13,49.03
2018-09-14,48.32
2018-09-17,47.91
2018-09-18,47.81
2018-09-19,50.25
2018-09-20,49.96
2018-09-21,50.48
2018-09-24,49.98
2018-09-25,50.14
2018-09-26,49.74
2018-09-27,48.55
2018-09-28,48.58
2018-10-01,48.49
2018-10-02,49.14
2018-10-03,49.44
2018-10-04,48.08
2018-10-05,47.63
2018-10-08,46.82
2018-10-09,47.11
2018-10-10,47.08
2018-10-11,46.14
2018-10-12,46.06
2018-10-15,45.34
2018-10-16,46.38
2018-10-17,47.72
2018-10-18,47.26
2018-10-19,46.98
2018-10-22,46.6
2018-10-23,44.65
2018-10-24,44.36
2018-10-25,43.29
2018-10-26,40.75
2018-10-29,40.25
2018-10-30,37.06
2018-10-31,40.17
2018-11-01,41.49
2018-11-02,41.73
2018-11-05,44.02
2018-11-06,43.82
2018-11-07,43.23
2018-11-08,43.88
2018-11-09,42.25
2018-11-12,42.1
2018-11-13,42.95
2018-11-14,43.0
2018-11-15,42.31
2018-11-16,43.25
2018-11-19,44.13
2018-11-20,43.0
2018-11-21,42.66
2018-11-23,42.06
2018-11-26,43.69
2018-11-27,43.21
2018-11-28,45.5
2018-11-29,45.33
2018-11-30,44.21
2018-12-03,45.9
2018-12-04,47.41
2018-12-06,43.75
2018-12-07,43.83
2018-12-10,42.36
2018-12-11,43.88
2018-12-12,42.85
2018-12-13,43.55
2018-12-14,44.58
2018-12-17,43.6
2018-12-18,42.47
2018-12-19,43.04
2018-12-20,42.34
2018-12-21,42.52
2018-12-24,39.98
2018-12-26,39.35
2018-12-27,41.35
2018-12-28,42.83
2018-12-31,42.8
2019-01-02,41.63
2019-01-03,43.97
2019-01-04,43.98
2019-01-07,46.46
2019-01-08,46.78
2019-01-09,46.53
2019-01-10,46.6
2019-01-11,47.54
2019-01-14,46.9
2019-01-15,47.01
2019-01-16,47.03
2019-01-17,47.25
2019-01-18,48.5
2019-01-22,47.62
2019-01-23,46.76
2019-01-24,46.24
2019-01-25,48.84
2019-01-28,49.3
2019-01-29,50.89
2019-01-30,50.5
2019-01-31,50.5
2019-02-01,50.78
2019-02-04,48.6
2019-02-05,49.23
2019-02-06,49.6
2019-02-07,48.52
2019-02-08,47.62
2019-02-11,48.14
2019-02-12,50.42
2019-02-13,50.52
2019-02-14,50.43
2019-02-15,50.73
2019-02-19,49.23
2019-02-20,52.17
2019-02-21,51.71
2019-02-22,51.01
2019-02-25,54.12
2019-02-26,51.54
2019-02-27,51.68
2019-02-28,52.24
2019-03-01,53.08
2019-03-04,53.51
2019-03-05,52.52
2019-03-06,52.1
2019-03-07,51.22
2019-03-08,49.67
2019-03-11,51.3
2019-03-12,53.53
2019-03-13,54.06
2019-03-14,55.0
2019-03-15,54.76
2019-03-18,54.1
2019-03-19,54.91
2019-03-20,55.31
2019-03-21,55.42
2019-03-22,54.53
2019-03-25,52.22
2019-03-26,52.1
2019-03-27,50.98
2019-03-28,51.21
2019-03-29,52.68
2019-04-01,53.29
2019-04-02,54.2
2019-04-03,54.43
2019-04-04,54.94
2019-04-05,55.5
2019-04-08,56.16
2019-04-09,56.84
2019-04-10,58.85
2019-04-11,60.46
2019-04-12,61.0
2019-04-15,60.66
2019-04-16,60.46
2019-04-17,61.07
2019-04-18,60.88
2019-04-22,59.84
2019-04-23,59.97
2019-04-24,61.6
2019-04-25,61.67
2019-04-26,60.85
2019-04-29,61.49
2019-04-30,61.39
2019-05-01,62.09
2019-05-02,61.15
2019-05-03,61.39
2019-05-06,59.58
2019-05-07,59.5
2019-05-08,61.47
2019-05-09,59.3
2019-05-10,58.8
2019-05-13,58.55
2019-05-14,59.06
2019-05-15,58.64
2019-05-16,59.86
2019-05-17,59.85
2019-05-20,58.12
2019-05-21,58.13
2019-05-22,58.76
2019-05-23,58.22
2019-05-24,57.63
2019-05-28,57.52
2019-05-29,57.67
2019-05-30,58.34
2019-05-31,58.92
2019-06-03,58.0
2019-06-04,59.55
2019-06-05,61.49
2019-06-06,60.71
2019-06-07,62.0
2019-06-10,63.0
2019-06-11,64.0
2019-06-12,64.26
2019-06-13,60.97
2019-06-14,61.64
2019-06-17,61.19
2019-06-18,61.55
2019-06-19,62.98
2019-06-20,63.81
2019-06-21,62.87
2019-06-24,62.99
2019-06-25,62.69
2019-06-26,62.34
2019-06-27,62.41
2019-06-28,65.85
2019-07-01,66.3
2019-07-02,65.94
2019-07-03,66.71
2019-07-05,65.45
2019-07-08,66.36
2019-07-09,66.71
2019-07-10,67.99
2019-07-11,66.79
2019-07-12,66.17
2019-07-15,66.13
2019-07-16,65.8
2019-07-17,64.58
2019-07-18,64.59
2019-07-19,66.02
2019-07-22,66.94
2019-07-23,67.09
2019-07-24,66.27
2019-07-25,66.02
2019-07-26,65.73
2019-07-29,65.07
2019-07-30,65.31
2019-07-31,66.67
2019-08-01,65.52
2019-08-02,67.25
2019-08-05,64.48
2019-08-06,62.68
2019-08-07,62.46
2019-08-08,64.04
2019-08-09,64.51
2019-08-12,62.83
2019-08-13,60.62
2019-08-14,60.96
2019-08-15,59.31
2019-08-16,60.04
2019-08-19,62.93
2019-08-20,62.65
2019-08-21,64.11
2019-08-22,63.97
2019-08-23,62.33
2019-08-26,61.81
2019-08-27,62.81
2019-08-28,61.87
2019-08-29,63.0
2019-08-30,63.05
2019-09-03,61.29
2019-09-04,61.56
2019-09-05,63.16
2019-09-06,62.91
2019-09-09,63.37
2019-09-10,61.95
2019-09-11,62.79
2019-09-12,63.6
2019-09-13,62.41
2019-09-16,63.7
2019-09-17,63.32
2019-09-18,65.6
2019-09-19,66.0
2019-09-20,67.25
2019-09-23,67.21
2019-09-24,67.79
2019-09-25,65.47
2019-09-26,66.76
2019-09-27,62.47
2019-09-30,58.6
2019-10-01,58.4
2019-10-02,55.78
2019-10-03,55.64
2019-10-04,57.54
2019-10-07,62.25
2019-10-08,56.66
2019-10-09,57.18
2019-10-10,56.06
2019-10-11,57.62
2019-10-14,56.59
2019-10-15,56.86
2019-10-16,55.66
2019-10-17,55.07
2019-10-18,55.0
2019-10-21,55.59
2019-10-22,56.34
2019-10-23,55.9
2019-10-24,55.61
2019-10-25,54.0
2019-10-28,53.18
2019-10-29,53.55
2019-10-30,53.08
2019-10-31,52.13
2019-11-01,52.26
2019-11-04,53.79
2019-11-05,53.12
2019-11-06,53.86
2019-11-07,53.76
2019-11-08,52.52
2019-11-11,51.94
2019-11-12,52.6
2019-11-13,52.54
2019-11-14,52.78
2019-11-15,52.73
2019-11-18,53.4
2019-11-19,54.04
2019-11-20,54.42
2019-11-21,54.34
2019-11-22,54.1
2019-11-25,54.73
2019-11-26,55.04
2019-11-27,55.52
2019-11-29,55.59
2019-12-02,55.52
2019-12-03,53.76
2019-12-04,54.66
2019-12-05,55.03
2019-12-06,52.76
2019-12-09,53.37
2019-12-10,52.28
2019-12-11,52.83
2019-12-12,53.99
2019-12-13,55.13
2019-12-16,55.26
2019-12-17,56.46
2019-12-18,56.21
2019-12-19,56.75
2019-12-20,57.4
2019-12-23,57.55
2019-12-24,57.71
2019-12-26,58.2
2019-12-27,58.74
2019-12-30,56.31
2019-12-31,55.89
2020-01-02,56.4
2020-01-03,57.11
2020-01-06,56.01
2020-01-07,55.76
2020-01-08,56.86
2020-01-09,57.07
2020-01-10,56.74
2020-01-13,56.86
2020-01-14,57.5
2020-01-15,55.21
2020-01-16,54.03
2020-01-17,54.05
2020-01-21,53.48
2020-01-22,51.83
2020-01-23,50.46
2020-01-24,52.61
2020-01-27,51.14
2020-01-28,50.72
2020-01-29,51.18
2020-01-30,50.6
2020-01-31,50.6
2020-02-03,49.88
2020-02-04,51.21
2020-02-05,53.4
2020-02-06,53.49
2020-02-07,52.27
2020-02-10,52.48
2020-02-11,53.31
2020-02-12,54.25
2020-02-13,55.78
2020-02-14,54.88
2020-02-18,55.54
2020-02-19,56.16
2020-02-20,58.26
2020-02-21,53.0
2020-02-24,48.27
2020-02-25,51.8
2020-02-26,48.8
2020-02-27,44.68
2020-02-28,42.55
2020-03-02,45.88
2020-03-03,45.21
2020-03-04,44.93
2020-03-05,44.56
2020-03-06,44.04
2020-03-09,39.99
2020-03-10,40.5
2020-03-11,40.0
2020-03-12,34.18
2020-03-13,38.85
2020-03-16,31.9
2020-03-17,32.2
2020-03-18,30.24
2020-03-19,30.01
2020-03-20,34.39
2020-03-23,33.75
2020-03-24,34.81
2020-03-25,34.18
2020-03-26,35.49
2020-03-27,36.05
2020-03-30,37.17
2020-03-31,36.12
2020-04-01,34.75
2020-04-02,33.56
2020-04-03,35.12
2020-04-06,35.26
2020-04-07,38.0
2020-04-08,37.81
2020-04-09,39.1
2020-04-13,40.31
2020-04-14,41.68
2020-04-15,41.0
2020-04-16,41.61
2020-04-17,41.64
2020-04-20,41.77
2020-04-21,40.16
2020-04-22,40.44
2020-04-23,40.61
2020-04-24,42.37
2020-04-27,41.06
2020-04-28,43.69
2020-04-29,43.03
2020-04-30,44.49
2020-05-01,42.5
2020-05-04,41.84
2020-05-05,44.93
2020-05-06,43.58
2020-05-07,43.6
2020-05-08,45.4
2020-05-11,43.55
2020-05-12,43.37
2020-05-13,40.5
2020-05-14,38.8
2020-05-15,38.72
2020-05-18,40.71
2020-05-19,42.35
2020-05-20,43.6
2020-05-21,43.77
2020-05-22,43.92
2020-05-26,45.0
2020-05-27,47.38
2020-05-28,46.5
2020-05-29,45.17
2020-06-01,46.5
2020-06-02,48.1
2020-06-03,49.11
2020-06-04,49.55
2020-06-05,50.0
2020-06-08,51.99
2020-06-09,53.6
2020-06-10,53.06
2020-06-11,49.54
2020-06-12,50.24
2020-06-15,48.34
2020-06-16,51.65
2020-06-17,51.83
2020-06-18,49.72
2020-06-19,51.28
2020-06-22,50.21
2020-06-23,50.49
2020-06-24,51.87
2020-06-25,48.97
2020-06-26,50.37
2020-06-29,49.0
2020-06-30,49.69
2020-07-01,49.28
2020-07-02,49.97
2020-07-06,50.79
2020-07-07,53.2
2020-07-08,53.37
2020-07-09,58.5
2020-07-10,58.45
2020-07-13,57.91
2020-07-14,55.99
2020-07-15,62.5
2020-07-16,60.43
2020-07-17,59.39
2020-07-20,60.92
2020-07-21,62.66
2020-07-22,60.61
2020-07-23,61.9
2020-07-24,61.31
2020-07-27,60.84
2020-07-28,61.8
2020-07-29,60.04
2020-07-30,59.56
2020-07-31,60.06
2020-08-03,60.0
2020-08-04,61.69
2020-08-05,63.33
2020-08-06,64.86
2020-08-07,69.1
2020-08-10,72.93
2020-08-11,72.83
2020-08-12,70.09
2020-08-13,73.24
2020-08-14,75.71
2020-08-17,75.24
2020-08-18,73.91
2020-08-19,74.59
2020-08-20,74.94
2020-08-21,73.93
2020-08-24,74.8
2020-08-25,77.32
2020-08-26,78.21
2020-08-27,78.19
2020-08-28,78.25
2020-08-31,80.0
2020-09-01,76.61
2020-09-02,79.08
2020-09-03,76.49
2020-09-04,72.5
2020-09-08,69.46
2020-09-09,70.74
2020-09-10,72.3899
2020-09-11,70.92
2020-09-14,71.05
2020-09-15,72.56
2020-09-16,73.78
2020-09-17,66.03
2020-09-18,64.18
2020-09-21,60.48
2020-09-22,62.16
2020-09-23,62.07
2020-09-24,61.2
2020-09-25,61.25
2020-09-28,64.26
2020-09-29,65.5
2020-09-30,65.795
2020-10-01,67.27
2020-10-02,67.01
2020-10-05,68.55
2020-10-06,72.58
2020-10-07,75.41
2020-10-08,80.5
2020-10-09,77.33
2020-10-12,81.97
2020-10-13,79.02
2020-10-14,84.16
2020-10-15,80.71
2020-10-16,82.64
2020-10-19,84.17
2020-10-20,84.73
2020-10-21,85.47
2020-10-22,81.8
2020-10-23,83.4
2020-10-26,82.65
2020-10-27,83.12
2020-10-28,92.33
2020-10-29,91.15
2020-10-30,86.8375
2020-11-02,89.0
2020-11-03,89.52
2020-11-04,82.26
2020-11-05,82.31
2020-11-06,88.75
2020-11-09,95.72
2020-11-10,83.5
2020-11-11,82.04
2020-11-12,84.79
2020-11-13,82.29
2020-11-16,80.8
2020-11-17,80.15
2020-11-18,82.27
2020-11-19,81.46
2020-11-20,85.25
2020-11-23,85.75
2020-11-24,89.51
2020-11-25,89.84
2020-11-27,95.0
2020-11-30,96.87
2020-12-01,90.875
2020-12-02,89.92
2020-12-03,90.99
2020-12-04,89.95
2020-12-07,89.95
2020-12-08,88.74
2020-12-09,91.21
2020-12-10,85.9
2020-12-11,85.66
2020-12-14,87.2445
2020-12-15,85.5
2020-12-16,91.27
2020-12-17,92.95
2020-12-18,93.34
2020-12-21,92.4
2020-12-22,98.22
2020-12-23,107.37
2020-12-24,101.83
2020-12-28,104.86
2020-12-29,101.41
2020-12-30,98.24
2020-12-31,100.27
2021-01-04,101.58
2021-01-05,97.09
2021-01-06,98.84
2021-01-07,104.89
2021-01-08,108.5682
2021-01-11,101.51
2021-01-12,104.47
2021-01-13,104.58
2021-01-14,104.6
2021-01-15,104.99
2021-01-19,99.7712
2021-01-20,103.3
2021-01-21,103.39
2021-01-22,104.51
2021-01-25,108.38
2021-01-26,106.355
2021-01-27,100.11
2021-01-28,103.67
2021-01-29,104.45
2021-02-01,99.58
2021-02-02,99.07
2021-02-03,98.25
2021-02-04,99.31
2021-02-05,98.95
2021-02-08,98.08
2021-02-09,100.18
2021-02-10,102.72
2021-02-11,100.72
2021-02-12,98.5
2021-02-16,101.79
2021-02-17,98.4
2021-02-18,92.73
2021-02-19,92.9
2021-02-22,88.89
2021-02-23,82.63
2021-02-24,87.32
2021-02-25,86.71
2021-02-26,80.31
2021-03-01,82.23
2021-03-02,84.74
2021-03-03,83.3422
2021-03-04,77.95
2021-03-05,75.99
2021-03-08,73.79
2021-03-09,74.0
2021-03-10,78.15
2021-03-11,78.65
2021-03-12,79.08
2021-03-15,82.23
2021-03-16,82.53
2021-03-17,80.5013
2021-03-18,79.03
2021-03-19,78.53
2021-03-22,80.45
2021-03-23,81.83
2021-03-24,81.51
2021-03-25,78.02
2021-03-26,81.16
2021-03-29,85.5
2021-03-30,81.61
2021-03-31,87.88
2021-04-01,88.79
2021-04-05,87.87
2021-04-06,83.2489
2021-04-07,83.44
2021-04-08,82.0
2021-04-09,79.9
2021-04-12,79.03
2021-04-13,79.16
2021-04-14,79.53
2021-04-15,79.59
2021-04-16,77.17
2021-04-19,82.62
2021-04-20,79.665
2021-04-21,79.23
2021-04-22,84.65
2021-04-23,88.645
2021-04-26,88.94
2021-04-27,90.0
2021-04-28,87.98
2021-04-29,89.77
2021-04-30,84.01
2021-05-03,77.62
2021-05-04,74.0
2021-05-05,74.01
2021-05-06,74.165
2021-05-07,74.89
2021-05-10,74.62
2021-05-11,68.32
2021-05-12,70.9
2021-05-13,70.28
2021-05-14,70.75
2021-05-17,72.1
2021-05-18,72.4
2021-05-19,71.19
2021-05-20,74.11
2021-05-21,77.2
2021-05-24,76.88
2021-05-25,75.97
2021-05-26,74.97
2021-05-27,77.23
2021-05-28,77.45
2021-06-01,77.24
2021-06-02,76.57
2021-06-03,76.28
2021-06-04,75.85
2021-06-07,75.66
2021-06-08,75.7
2021-06-09,77.44
2021-06-10,77.01
2021-06-11,80.84
2021-06-14,80.0
2021-06-15,78.625
2021-06-16,75.91
2021-06-17,76.54
2021-06-18,77.81
2021-06-21,77.11
2021-06-22,78.5
2021-06-23,78.7
2021-06-24,86.39
2021-06-25,85.37
2021-06-28,88.375
2021-06-29,92.2158
2021-06-30,91.55
2021-07-01,91.26
2021-07-02,90.17
2021-07-06,91.3
2021-07-07,92.0838
2021-07-08,89.22
2021-07-09,90.15
2021-07-12,93.2
2021-07-13,93.21
2021-07-14,92.79
2021-07-15,89.03
2021-07-16,86.1993
2021-07-19,81.31
2021-07-20,83.71
2021-07-21,83.14
2021-07-22,84.88
2021-07-23,83.74
2021-07-26,82.7
2021-07-27,81.28
2021-07-28,81.68
2021-07-29,84.24
2021-07-30,81.98
2021-08-02,89.0436
2021-08-03,90.0
2021-08-04,91.2
2021-08-05,91.99
2021-08-06,91.26
2021-08-09,92.87
2021-08-10,94.61
2021-08-11,95.75
2021-08-12,95.75
2021-08-13,96.89
2021-08-16,95.75
2021-08-17,95.83
2021-08-18,93.89
2021-08-19,91.56
2021-08-20,92.99
2021-08-23,95.14
2021-08-24,96.0
2021-08-25,95.73
2021-08-26,92.88
2021-08-27,93.49
2021-08-30,95.23
2021-08-31,95.69
2021-09-01,94.46
2021-09-02,94.97
2021-09-03,94.24
2021-09-07,93.81
2021-09-08,98.398
2021-09-09,95.53
2021-09-10,100.2
2021-09-13,100.39
2021-09-14,106.0
2021-09-15,104.9358
2021-09-16,104.42
2021-09-17,102.94
2021-09-20,100.54
2021-09-21,96.65
2021-09-22,95.51
2021-09-23,95.8
2021-09-24,92.41
2021-09-27,91.08
2021-09-28,93.7
2021-09-29,95.85
2021-09-30,94.0
2021-10-01,96.27
2021-10-04,95.82
2021-10-05,95.6142
2021-10-06,94.44
2021-10-07,97.05
2021-10-08,97.9637
2021-10-11,99.31
2021-10-12,102.2
2021-10-13,105.68
2021-10-14,107.39
2021-10-15,106.47
2021-10-18,102.526
2021-10-19,104.59
2021-10-20,104.01
2021-10-21,104.16
2021-10-22,105.79
2021-10-25,107.53
2021-10-26,109.8
2021-10-27,114.295
2021-10-28,111.5
2021-10-29,116.87
2021-11-01,120.25
2021-11-02,120.7675
2021-11-03,116.11
2021-11-04,116.25
2021-11-05,113.79
2021-11-08,117.98
2021-11-09,114.91
2021-11-10,112.59
2021-11-11,108.15
2021-11-12,113.67
2021-11-15,111.4008
2021-11-16,112.3
2021-11-17,104.09
2021-11-18,104.67
2021-11-19,103.76
2021-11-22,113.23
2021-11-23,108.07
2021-11-24,106.5
2021-11-26,104.7806
2021-11-29,105.9
2021-11-30,106.61
2021-12-01,105.905
2021-12-02,100.262
2021-12-03,104.81
2021-12-06,98.25
2021-12-07,102.19
2021-12-08,100.77
2021-12-09,99.94
2021-12-10,98.15
2021-12-13,97.0565
2021-12-14,94.37
2021-12-15,95.3913
2021-12-16,96.14
2021-12-17,89.58
2021-12-20,87.79
2021-12-21,87.2
2021-12-22,88.735
2021-12-23,88.63
2021-12-27,88.0
2021-12-28,88.25
2021-12-29,87.16
2021-12-30,87.76
2021-12-31,87.5
2022-01-03,88.01
2022-01-04,91.195
2022-01-05,87.3
2022-01-06,83.01
2022-01-07,83.44
2022-01-10,83.02
2022-01-11,84.47
2022-01-12,85.14
2022-01-13,85.46
2022-01-14,82.17
2022-01-18,81.45
2022-01-19,81.65
2022-01-20,83.193
2022-01-21,80.44
2022-01-24,74.9
2022-01-25,75.43
2022-01-26,78.78
2022-01-27,77.56
2022-01-28,72.1
2022-01-31,73.84
2022-02-01,78.32
2022-02-02,78.37
2022-02-03,72.23
2022-02-04,71.27
2022-02-07,70.89
2022-02-08,69.8
2022-02-09,74.0
2022-02-10,72.0016
2022-02-11,71.34
2022-02-14,68.86
2022-02-15,70.1
2022-02-16,70.95
2022-02-17,70.82
2022-02-18,69.97
2022-02-22,67.24
2022-02-23,66.88
2022-02-24,62.13
2022-02-25,69.12
2022-02-28,71.935
2022-03-01,75.17
2022-03-02,65.84
2022-03-03,68.67
2022-03-04,66.74
2022-03-07,73.8
2022-03-08,75.5
2022-03-09,78.69
2022-03-10,77.98
2022-03-11,76.47
2022-03-14,74.62
2022-03-15,71.33
2022-03-16,75.44
2022-03-17,76.66
2022-03-18,77.36
2022-03-21,77.72
2022-03-22,77.6
2022-03-23,79.12
2022-03-24,78.28
2022-03-25,79.67
2022-03-28,79.68
2022-03-29,83.9
2022-03-30,83.83
2022-03-31,82.32
2022-04-01,84.1
2022-04-04,83.46
2022-04-05,81.4
2022-04-06,79.03
2022-04-07,78.26
2022-04-08,78.38
2022-04-11,76.65
2022-04-12,79.89
2022-04-13,78.83
2022-04-14,79.74
2022-04-18,77.85
2022-04-19,78.15
2022-04-20,79.52
2022-04-21,77.99
2022-04-22,74.43
2022-04-25,71.07
2022-04-26,71.87
2022-04-27,72.43
2022-04-28,72.71
2022-04-29,73.07
2022-05-02,72.77
2022-05-03,72.85
2022-05-04,75.66
2022-05-05,77.38
2022-05-06,75.28
2022-05-09,70.17
2022-05-10,69.98
2022-05-11,66.96
2022-05-12,60.47
2022-05-13,64.85
2022-05-16,63.74
2022-05-17,64.72
2022-05-18,63.87
2022-05-19,65.34
2022-05-20,67.56
2022-05-23,66.21
2022-05-24,65.56
2022-05-25,64.88
2022-05-26,66.0
2022-05-27,68.6
2022-05-31,72.15
2022-06-01,70.61
2022-06-02,70.85
2022-06-03,73.14
2022-06-06,76.72
2022-06-07,71.21
2022-06-08,71.75
2022-06-09,70.93
2022-06-10,68.23
2022-06-13,65.14
2022-06-14,63.805
2022-06-15,62.5
2022-06-16,62.01
2022-06-17,62.85
2022-06-21,68.19
2022-06-22,66.664
2022-06-23,68.55
2022-06-24,70.25
2022-06-27,70.38
2022-06-28,70.88
2022-06-29,66.78
2022-06-30,66.09
2022-07-01,67.58
2022-07-05,66.87
2022-07-06,66.25
2022-07-07,67.16
2022-07-08,69.89
2022-07-11,71.45
2022-07-12,69.48
2022-07-13,67.29
2022-07-14,68.56
2022-07-15,67.79
2022-07-18,66.3
2022-07-19,67.53
2022-07-20,70.65
2022-07-21,73.38
2022-07-22,73.37
2022-07-25,72.29
2022-07-26,73.78
2022-07-27,75.46
2022-07-28,89.63
2022-07-29,90.43
2022-08-01,98.97
2022-08-02,98.01
2022-08-03,101.8
2022-08-04,97.43
2022-08-05,102.03
2022-08-08,109.2
2022-08-09,104.31
2022-08-10,111.83
2022-08-11,117.35
2022-08-12,115.1
2022-08-15,117.41
2022-08-16,117.5
2022-08-17,115.14
2022-08-18,118.74
2022-08-19,114.71
2022-08-22,112.25
2022-08-23,115.27
2022-08-24,113.8
2022-08-25,118.99
2022-08-26,125.5
2022-08-29,119.61
2022-08-30,125.0
2022-08-31,124.97
2022-09-01,124.53
2022-09-02,129.74
2022-09-06,126.2
2022-09-07,127.18
2022-09-08,137.41
2022-09-09,138.09
2022-09-12,134.62
2022-09-13,132.0
2022-09-14,136.21
2022-09-15,134.62
2022-09-16,130.81
2022-09-19,135.12
2022-09-20,136.48
2022-09-21,134.53
2022-09-22,135.58
2022-09-23,128.68
2022-09-26,129.9
2022-09-27,131.47
2022-09-28,131.07
2022-09-29,136.47
2022-09-30,129.9
2022-10-03,132.7
2022-10-04,140.11
2022-10-05,141.17
2022-10-06,134.46
2022-10-07,129.735
2022-10-10,128.5
2022-10-11,128.8
2022-10-12,131.4
2022-10-13,121.21
2022-10-14,127.6
2022-10-17,125.68
2022-10-18,121.64
2022-10-19,120.3
2022-10-20,120.27
2022-10-21,118.32
2022-10-24,123.15
2022-10-25,124.62
2022-10-26,130.33
2022-10-27,131.73
2022-10-28,131.15
2022-10-31,133.98
2022-11-01,148.0
2022-11-02,148.37
2022-11-03,149.27
2022-11-04,160.228
2022-11-07,154.83
2022-11-08,149.07
2022-11-09,146.79
2022-11-10,155.08
2022-11-11,155.32
2022-11-14,151.39
2022-11-15,160.13
2022-11-16,157.44
2022-11-17,156.5
2022-11-18,165.305
2022-11-21,165.7
2022-11-22,166.37
2022-11-23,167.89
2022-11-25,169.02
2022-11-28,167.51
2022-11-29,165.43
2022-11-30,163.02
2022-12-01,172.56
2022-12-02,168.49
2022-12-05,168.0
2022-12-06,162.63
2022-12-07,156.51
2022-12-08,156.22
2022-12-09,151.24
2022-12-12,149.77
2022-12-13,152.89
2022-12-14,157.89
2022-12-15,158.5
2022-12-16,158.69
2022-12-19,155.98
2022-12-20,156.81
2022-12-21,157.03
2022-12-22,160.98
2022-12-23,157.98
2022-12-27,156.33
2022-12-28,150.0
2022-12-29,148.37
2022-12-30,146.88
2023-01-03,151.01
2023-01-04,146.65
2023-01-05,145.6
2023-01-06,148.195
2023-01-09,157.55
2023-01-10,159.6
2023-01-11,170.46
2023-01-12,173.1
2023-01-13,177.72
2023-01-17,181.0
2023-01-18,178.63
2023-01-19,175.295
2023-01-20,165.78
2023-01-23,168.335
2023-01-24,174.31
2023-01-25,167.86
2023-01-26,170.2
2023-01-27,173.19
2023-01-30,177.39
2023-01-31,171.18
2023-02-01,177.4
2023-02-02,177.76
2023-02-03,165.92
2023-02-06,167.39
2023-02-07,168.38
2023-02-08,168.12
2023-02-09,167.75
2023-02-10,162.62
2023-02-13,165.8
2023-02-14,161.98
2023-02-15,165.0
2023-02-16,169.87
2023-02-17,164.08
2023-02-21,162.21
2023-02-22,161.38
2023-02-23,166.52
2023-02-24,162.99
2023-02-27,163.45
2023-02-28,166.24
2023-03-01,180.55
2023-03-02,195.73
2023-03-03,200.11
2023-03-06,211.69
2023-03-07,212.5
2023-03-08,215.3
2023-03-09,214.65
2023-03-10,210.33
2023-03-13,204.6
2023-03-14,207.72
2023-03-15,203.69
2023-03-16,202.4
2023-03-17,205.69
2023-03-20,200.69
2023-03-21,208.6
2023-03-22,209.64
2023-03-23,208.31
2023-03-24,208.03
2023-03-27,212.77
2023-03-28,210.79
2023-03-29,212.155
2023-03-30,218.63
2023-03-31,213.54
2023-04-03,217.28
2023-04-04,207.32
2023-04-05,207.53
2023-04-06,201.08
2023-04-10,202.99
2023-04-11,212.16
2023-04-12,212.0
2023-04-13,204.48
2023-04-14,211.32
2023-04-17,208.2
2023-04-18,215.87
2023-04-19,217.65
2023-04-20,213.34
2023-04-21,214.53
2023-04-24,209.51
2023-04-25,207.5
2023-04-26,205.01
2023-04-27,200.59
2023-04-28,184.68
2023-05-01,182.58
2023-05-02,180.44
2023-05-03,176.44
2023-05-04,175.34
2023-05-05,173.01
2023-05-08,179.7
2023-05-09,176.61
2023-05-10,180.39
2023-05-11,179.78
2023-05-12,203.8
2023-05-15,228.08
2023-05-16,220.0
2023-05-17,214.1
2023-05-18,208.32
2023-05-19,206.01
2023-05-22,205.52
2023-05-23,199.24
2023-05-24,199.7
2023-05-25,199.65
2023-05-26,201.04
2023-05-30,206.24
2023-05-31,201.68
2023-06-01,204.62
2023-06-02,211.76
2023-06-05,207.09
2023-06-06,199.97
2023-06-07,196.24
2023-06-08,190.49
2023-06-09,193.34
2023-06-12,191.33
2023-06-13,199.18
2023-06-14,195.7
2023-06-15,191.41
2023-06-16,193.94
2023-06-20,189.29
2023-06-21,186.1
2023-06-22,183.66
2023-06-23,183.37
2023-06-26,183.0
2023-06-27,181.41
2023-06-28,180.29
2023-06-29,185.71
2023-06-30,186.1
2023-07-03,191.11
2023-07-05,192.63
2023-07-06,184.08
2023-07-07,190.91
2023-07-10,188.0
2023-07-11,192.3
2023-07-12,191.21
2023-07-13,196.69
2023-07-14,198.31
2023-07-17,192.0
2023-07-18,206.27
2023-07-19,202.31
2023-07-20,197.0
2023-07-21,200.3
2023-07-24,198.47
2023-07-25,199.3
2023-07-26,196.1
2023-07-27,199.5
2023-07-28,223.59
2023-07-31,210.08
2023-08-01,207.38
2023-08-02,198.88
2023-08-03,193.57
2023-08-04,196.58
2023-08-07,193.62
2023-08-08,193.76
2023-08-09,198.13
2023-08-10,204.13
2023-08-11,201.96
2023-08-14,204.76
2023-08-15,209.0
2023-08-16,199.3
2023-08-17,191.46
2023-08-18,180.76
2023-08-21,182.0
2023-08-22,182.52
2023-08-23,176.94
2023-08-24,180.89
2023-08-25,175.1
2023-08-28,177.99
2023-08-29,176.65
2023-08-30,181.06
2023-08-31,186.0
2023-09-01,191.27
2023-09-05,183.9
2023-09-06,189.1
2023-09-07,179.49
2023-09-08,185.18
2023-09-11,185.23
2023-09-12,178.0
2023-09-13,181.3
2023-09-14,175.0
2023-09-15,176.69
2023-09-18,174.05
2023-09-19,167.6
2023-09-20,169.45
2023-09-21,166.64
2023-09-22,168.0
2023-09-25,161.75
2023-09-26,162.89
2023-09-27,161.25
2023-09-28,159.1
2023-09-29,163.49
2023-10-02,160.5
2023-10-03,154.65
2023-10-04,151.4
2023-10-05,152.22
2023-10-06,143.01
2023-10-09,145.3
2023-10-10,143.41
2023-10-11,152.92
2023-10-12,156.34
2023-10-13,148.67
2023-10-16,148.675
2023-10-17,149.1
2023-10-18,156.24
2023-10-19,156.5
2023-10-20,148.18
2023-10-23,149.18
2023-10-24,153.76
2023-10-25,154.08
2023-10-26,153.59
2023-10-27,148.88
2023-10-30,143.93
2023-10-31,137.74
2023-11-01,148.49
2023-11-02,145.6
2023-11-03,151.74
2023-11-06,151.94
2023-11-07,146.98
2023-11-08,143.47
2023-11-09,138.88
2023-11-10,132.36
2023-11-13,132.2
2023-11-14,137.67
2023-11-15,150.0
2023-11-16,151.53
2023-11-17,156.22
2023-11-20,155.0
2023-11-21,159.84
2023-11-22,160.0
2023-11-24,159.01
2023-11-27,153.3
2023-11-28,153.27
2023-11-29,158.0
2023-11-30,155.96
2023-12-01,157.54
2023-12-04,161.15
2023-12-05,158.41
2023-12-06,156.75
2023-12-07,145.37
2023-12-08,150.99
2023-12-11,145.31
2023-12-12,145.74
2023-12-13,138.27
2023-12-14,151.69
2023-12-15,164.45
2023-12-18,166.5
2023-12-19,167.91
2023-12-20,172.0
2023-12-21,167.54
2023-12-22,171.23
2023-12-26,170.81
2023-12-27,173.2
2023-12-28,172.53
2023-12-29,173.45
2024-01-02,170.98
2024-01-03,169.0
2024-01-04,166.43
2024-01-05,165.08
2024-01-08,164.72
2024-01-09,164.79
2024-01-10,166.69
2024-01-11,162.49
2024-01-12,160.52
2024-01-16,159.56
2024-01-17,145.95
2024-01-18,148.73
2024-01-19,147.69
2024-01-22,148.49
2024-01-23,153.88
2024-01-24,153.54
2024-01-25,150.19
2024-01-26,149.06
2024-01-29,146.99
2024-01-30,148.4
2024-01-31,149.0
2024-02-01,149.78
2024-02-02,143.98
2024-02-05,138.855
2024-02-06,139.95
2024-02-07,148.4
2024-02-08,146.12
2024-02-09,144.5
2024-02-12,152.4
2024-02-13,150.0
2024-02-14,156.46
2024-02-15,160.0
2024-02-16,157.64
2024-02-20,154.89
2024-02-21,149.41
2024-02-22,150.1
2024-02-23,144.12
2024-02-26,143.16
2024-02-27,147.0
2024-02-28,153.95
2024-02-29,151.85
2024-03-01,152.74
2024-03-04,160.0
2024-03-05,154.83
2024-03-06,161.08
2024-03-07,160.0
2024-03-08,162.24
2024-03-11,161.75
2024-03-12,161.53
2024-03-13,157.67
2024-03-14,157.75
2024-03-15,147.51
2024-03-18,148.34
2024-03-19,147.41
2024-03-20,147.55
2024-03-21,152.0
2024-03-22,152.26
2024-03-25,153.13
2024-03-26,155.5
2024-03-27,154.86
2024-03-28,168.64
2024-04-01,169.72
2024-04-02,169.76
2024-04-03,166.23
2024-04-04,170.1
2024-04-05,167.35
2024-04-08,176.52
2024-04-09,181.0
2024-04-10,179.13
2024-04-11,188.0
2024-04-12,185.66
2024-04-15,181.38
2024-04-16,174.22
2024-04-17,175.53
2024-04-18,178.48
2024-04-19,179.42
2024-04-22,175.39
2024-04-23,177.25
2024-04-24,181.2
2024-04-25,176.9
2024-04-26,175.5
2024-04-29,180.15
2024-04-30,178.35
2024-05-01,176.61
2024-05-02,178.54
2024-05-03,185.0
2024-05-06,192.97
2024-05-07,194.2
2024-05-08,192.0
2024-05-09,190.87
2024-05-10,197.0
2024-05-13,192.5
2024-05-14,194.34
2024-05-15,192.08
2024-05-16,193.09
2024-05-17,194.08
2024-05-20,198.73
2024-05-21,197.71
2024-05-22,213.33
2024-05-23,245.0
2024-05-24,253.88
2024-05-28,276.76
2024-05-29,274.38
2024-05-30,272.92
2024-05-31,279.36
2024-06-03,273.26
2024-06-04,274.05
2024-06-05,268.165
2024-06-06,270.0
2024-06-07,266.85
2024-06-10,265.91
2024-06-11,279.89
2024-06-12,300.495
2024-06-13,300.24
2024-06-14,288.18
2024-06-17,273.21
2024-06-18,255.29
2024-06-20,260.0
2024-06-21,259.32
2024-06-24,256.65
2024-06-25,259.82
2024-06-26,256.43
2024-06-27,245.9
2024-06-28,248.73
2024-07-01,224.75
2024-07-02,222.65
2024-07-03,220.05
2024-07-05,231.51
2024-07-08,227.96
2024-07-09,227.0
2024-07-10,226.87
2024-07-11,236.0
2024-07-12,235.7
2024-07-15,220.22
2024-07-16,216.9
2024-07-17,215.56
2024-07-18,213.65
2024-07-19,214.0
2024-07-22,225.51
2024-07-23,222.86
2024-07-24,224.02
2024-07-25,218.78
2024-07-26,221.57
2024-07-29,226.75
2024-07-30,222.0
2024-07-31,220.12
2024-08-01,219.1
2024-08-02,216.7
2024-08-05,201.0
2024-08-06,206.31
2024-08-07,216.5
2024-08-08,208.5
2024-08-09,210.13
2024-08-12,212.85
2024-08-13,222.0
2024-08-14,232.52
2024-08-15,228.5
2024-08-16,229.0
2024-08-19,225.0
2024-08-20,227.02
2024-08-21,222.0
2024-08-22,222.0
2024-08-23,220.0
2024-08-26,236.22
2024-08-27,230.48
2024-08-28,235.07
2024-08-29,231.0
2024-08-30,224.67
2024-09-03,226.65
2024-09-04,211.68
2024-09-05,216.19
2024-09-06,214.0
2024-09-09,209.57
2024-09-10,205.74
2024-09-11,215.5
2024-09-12,236.75
2024-09-13,242.68
2024-09-16,228.79
2024-09-17,233.36
2024-09-18,240.0
2024-09-19,251.38
2024-09-20,236.15
2024-09-23,241.155
2024-09-24,250.27
2024-09-25,244.73
2024-09-26,249.36
2024-09-27,258.33
2024-09-30,251.72
2024-10-01,249.44
2024-10-02,238.71
2024-10-03,234.08
2024-10-04,239.56
2024-10-07,230.17
2024-10-08,228.09
2024-10-09,226.62
2024-10-10,220.0
2024-10-11,207.21
2024-10-14,211.0
2024-10-15,206.0
2024-10-16,202.95
2024-10-17,206.39
2024-10-18,204.84
2024-10-21,199.38
2024-10-22,201.49
2024-10-23,198.68
2024-10-24,194.31
2024-10-25,197.0
2024-10-28,203.58
2024-10-29,206.42
2024-10-30,187.63
2024-10-31,198.52
2024-11-01,195.85
2024-11-04,209.68
2024-11-05,208.7
2024-11-06,188.54
2024-11-07,194.75
2024-11-08,194.5
2024-11-11,193.0
2024-11-12,190.55
2024-11-13,183.72
2024-11-14,182.26
2024-11-15,194.59
2024-11-18,188.11
2024-11-19,194.48
2024-11-20,187.16
2024-11-21,184.6
2024-11-22,182.0
2024-11-25,189.89
2024-11-26,192.36
2024-11-27,194.0
2024-11-29,194.5
2024-12-02,204.35
2024-12-03,205.485
2024-12-04,207.69
2024-12-05,202.0
2024-12-06,200.72
2024-12-09,196.02
2024-12-10,200.46
2024-12-11,205.68
2024-12-12,201.68
2024-12-13,196.89
2024-12-16,197.64
2024-12-17,190.3
2024-12-18,189.045
2024-12-19,183.59
2024-12-20,174.46
2024-12-23,183.4
2024-12-24,186.84
2024-12-26,184.505
2024-12-27,184.04
2024-12-30,181.85
2024-12-31,179.26
2025-01-02,177.91
2025-01-03,187.61
2025-01-06,191.48
2025-01-07,194.13
2025-01-08,194.1
2025-01-10,190.52
2025-01-13,186.66
2025-01-14,186.0
2025-01-15,190.1
2025-01-16,189.4
2025-01-17,193.88
2025-01-21,189.8
2025-01-22,183.23
2025-01-23,171.01
2025-01-24,173.785
2025-01-27,166.3
2025-01-28,164.52
2025-01-29,164.93
2025-01-30,168.14
2025-01-31,166.28
2025-02-03,163.31
2025-02-04,165.53
2025-02-05,169.64
2025-02-06,163.39
2025-02-07,167.67
2025-02-10,169.94
2025-02-11,165.46
2025-02-12,159.66
2025-02-13,158.48
2025-02-14,161.195
2025-02-18,160.595
2025-02-19,166.29
2025-02-20,161.94
2025-02-21,162.46
2025-02-24,155.22
2025-02-25,150.93
2025-02-26,154.655
2025-02-27,155.875
2025-02-28,141.09
2025-03-03,135.28
2025-03-04,125.49
2025-03-05,131.61
2025-03-06,128.65
2025-03-07,130.96
2025-03-10,137.36
2025-03-11,135.29
2025-03-12,139.71
2025-03-13,135.07
2025-03-14,136.02
2025-03-17,133.42
2025-03-18,131.51
2025-03-19,127.89
2025-03-20,127.795
2025-03-21,128.8
2025-03-24,133.705
2025-03-25,128.64
2025-03-26,131.07
2025-03-27,125.4
2025-03-28,126.15
2025-03-31,125.325
2025-04-01,126.11
2025-04-02,127.09
2025-04-03,128.85
2025-04-04,134.48
2025-04-07,126.16
2025-04-08,135.465
2025-04-09,120.82
2025-04-10,125.0
2025-04-11,122.97
2025-04-14,129.11
2025-04-15,131.21
2025-04-16,126.06
2025-04-17,124.59
2025-04-21,126.455
2025-04-22,131.5
2025-04-23,138.07
2025-04-24,133.0
2025-04-25,135.01
2025-04-28,143.645
2025-04-29,140.72
2025-04-30,120.755
2025-05-01,127.94
2025-05-02,127.68
2025-05-05,128.65
2025-05-06,127.0
2025-05-07,125.98
2025-05-08,130.34
2025-05-09,134.115
2025-05-12,148.94
2025-05-13,176.12
2025-05-14,190.475
2025-05-15,190.5
2025-05-16,187.3
2025-05-19,171.4
2025-05-20,165.37
2025-05-21,161.645
2025-05-22,159.95
2025-05-23,154.01
2025-05-27,158.55
2025-05-28,155.505
2025-05-29,158.0
2025-05-30,155.75
2025-06-02,158.21
2025-06-03,149.08
2025-06-04,159.9
2025-06-05,160.65
2025-06-06,165.14
2025-06-09,167.85
2025-06-10,162.47
2025-06-11,170.0
2025-06-12,167.52
2025-06-13,164.63
2025-06-16,176.32
2025-06-17,137.95
2025-06-18,143.71
2025-06-20,144.0
2025-06-23,144.3
2025-06-24,145.94
2025-06-25,152.0
2025-06-26,156.81
2025-06-27,156.37
2025-06-30,161.625
2025-07-01,165.02
2025-07-02,165.0
2025-07-03,178.0
2025-07-07,183.0
2025-07-08,168.315
2025-07-09,165.3
2025-07-10,166.59
2025-07-11,163.6
2025-07-14,162.5
2025-07-15,167.34
2025-07-16,172.1
2025-07-17,167.74
2025-07-18,173.4
2025-07-21,176.93
2025-07-22,178.335
2025-07-23,180.68
2025-07-24,180.29
2025-07-25,180.05
2025-07-28,183.75
2025-07-29,183.58
2025-07-30,181.99
2025-07-31,179.89
2025-08-01,186.34
2025-08-04,184.295
2025-08-05,183.06
2025-08-06,186.72
2025-08-07,187.57
2025-08-08,187.39
2025-08-11,184.28
2025-08-12,184.29
2025-08-13,185.36
2025-08-14,182.19
2025-08-15,182.12
2025-08-18,209.68
2025-08-19,215.33
2025-08-20,208.67
2025-08-21,204.595
2025-08-22,194.15
2025-08-25,200.0
2025-08-26,198.97
2025-08-27,195.09
2025-08-28,193.75
2025-08-29,197.15
2025-09-02,190.15
2025-09-03,195.83
2025-09-04,202.4
2025-09-05,206.265
2025-09-08,206.25
2025-09-09,204.1
2025-09-10,203.75
2025-09-11,204.36
2025-09-12,203.54
2025-09-15,201.81
2025-09-16,207.375
2025-09-17,205.97
2025-09-18,211.0
2025-09-19,211.01
2025-09-22,213.23
2025-09-23,220.0
2025-09-24,217.5
2025-09-25,214.69
2025-09-26,221.25
2025-09-29,222.11
2025-09-30,223.69
2025-10-01,221.78
2025-10-02,230.02
2025-10-03,232.25
2025-10-06,231.515
2025-10-07,229.57
2025-10-08,229.31
2025-10-09,231.17
2025-10-10,232.9
2025-10-13,227.885
2025-10-14,224.26
2025-10-15,231.69
2025-10-16,242.1
2025-10-17,235.46
2025-10-20,234.52
2025-10-21,230.365
2025-10-22,227.19
2025-10-23,222.8
2025-10-24,239.68
2025-10-27,243.605
2025-10-28,246.07
2025-10-29,240.0
2025-10-30,237.14
2025-10-31,249.13
2025-11-03,265.93
2025-11-04,256.78
2025-11-05,262.4
2025-11-06,278.4
2025-11-07,262.08
2025-11-10,273.07
2025-11-11,268.97
2025-11-12,268.11
2025-11-13,267.52
2025-11-14,244.41
2025-11-17,251.35
2025-11-18,247.0
2025-11-19,252.19
2025-11-20,258.04
2025-11-21,244.64
2025-11-24,250.0
2025-11-25,261.53
2025-11-26,263.5
2025-11-28,274.08
2025-12-01,269.27
2025-12-02,264.39
2025-12-03,263.0
2025-12-04,255.44
2025-12-05,258.0
2025-12-08,257.13
2025-12-09,253.81
2025-12-10,252.15
2025-12-11,261.11
2025-12-12,273.0
